"DateTime","Tasa de Certificado de Depósito a Término (CDT) a 90 días - Monto, diaria"
"2008/04/01",118845.07
"2008/04/02",163320.17
"2008/04/03",211686.96
"2008/04/04",170063.29
"2008/04/07",107298.16
"2008/04/08",171413
"2008/04/09",204625.38
"2008/04/10",80499.52
"2008/04/11",176858.74
"2008/04/14",105074.23
"2008/04/15",90170.37
"2008/04/16",149503.17
"2008/04/17",93109.02
"2008/04/18",105882.34
"2008/04/21",148962.53
"2008/04/22",91355.59
"2008/04/23",140511.4
"2008/04/24",179238.12
"2008/04/25",111055.77
"2008/04/28",126399.49
"2008/04/29",251141.28
"2008/04/30",170245.11
"2008/05/02",46211.32
"2008/05/06",209265.83
"2008/05/07",55305.86
"2008/05/08",144779.2
"2008/05/09",30550.97
"2008/05/12",156554.14
"2008/05/13",151676.52
"2008/05/14",158857.59
"2008/05/15",116294.76
"2008/05/16",38931.39
"2008/05/19",170751.07
"2008/05/20",67179.71
"2008/05/21",110315.76
"2008/05/22",70672.67
"2008/05/23",88123.36
"2008/05/27",187888.11
"2008/05/28",161864.33
"2008/05/29",147783.93
"2008/05/30",50023.34
"2008/06/03",115954.5
"2008/06/04",73662.13
"2008/06/05",74347.55
"2008/06/06",46784.26
"2008/06/09",113508.78
"2008/06/10",112347.09
"2008/06/11",175678.2
"2008/06/12",162068.71
"2008/06/13",84299.68
"2008/06/16",223624.1
"2008/06/17",132990.72
"2008/06/18",145102.27
"2008/06/19",151564.05
"2008/06/20",33312.89
"2008/06/23",117213.81
"2008/06/24",65235.29
"2008/06/25",131829.82
"2008/06/26",209098.4
"2008/06/27",58183.45
"2008/07/01",126096.89
"2008/07/02",82037.32
"2008/07/03",124124.76
"2008/07/04",54279.29
"2008/07/07",127200.02
"2008/07/08",137572.56
"2008/07/09",130159.27
"2008/07/10",93879.89
"2008/07/11",51965.25
"2008/07/14",133014.8
"2008/07/15",91699.47
"2008/07/16",148145.03
"2008/07/17",87688.47
"2008/07/18",48657.31
"2008/07/21",122138.67
"2008/07/22",88639.16
"2008/07/23",115424.92
"2008/07/24",147745.48
"2008/07/25",54111.5
"2008/07/28",130664.36
"2008/07/29",119548.97
"2008/07/30",150714.6
"2008/07/31",46255.86
"2008/08/01",37587.03
"2008/08/04",128109.72
"2008/08/05",69358.16
"2008/08/06",196647.58
"2008/08/08",61988.4
"2008/08/11",143595.5
"2008/08/12",136552.58
"2008/08/13",103456.79
"2008/08/14",98551.94
"2008/08/15",47016.23
"2008/08/19",159411.84
"2008/08/20",97425.18
"2008/08/21",202369.9
"2008/08/22",80557.04
"2008/08/25",156592.98
"2008/08/26",96904.55
"2008/08/27",180561.84
"2008/08/28",292249.42
"2008/08/29",47047.95
"2008/09/01",114005.46
"2008/09/02",64684.1
"2008/09/03",144044.37
"2008/09/04",117466.76
"2008/09/05",172620.83
"2008/09/08",77438.03
"2008/09/09",104452.04
"2008/09/10",93789.55
"2008/09/11",126959.94
"2008/09/12",197583.3
"2008/09/15",171826.58
"2008/09/16",134480.6
"2008/09/17",79753.08
"2008/09/18",87797.8
"2008/09/19",96701.29
"2008/09/22",119334.55
"2008/09/23",61675.19
"2008/09/24",47461.53
"2008/09/25",49539.99
"2008/09/26",70559.09
"2008/09/29",92685.11
"2008/09/30",56953.49
"2008/10/01",46410.39
"2008/10/02",48632.86
"2008/10/03",30861.94
"2008/10/06",143165.78
"2008/10/07",66411.77
"2008/10/08",122536.59
"2008/10/09",99810.3
"2008/10/10",50831.39
"2008/10/14",200100.27
"2008/10/15",151380.86
"2008/10/16",141515.87
"2008/10/17",61955.97
"2008/10/20",210518.08
"2008/10/21",95515.69
"2008/10/22",107309.57
"2008/10/23",182294.38
"2008/10/24",40147.06
"2008/10/27",150017.75
"2008/10/28",73782.08
"2008/10/29",184574.99
"2008/10/30",174857.98
"2008/10/31",71869.23
"2008/11/04",266941.18
"2008/11/05",80408.02
"2008/11/06",147720.65
"2008/11/07",39552.63
"2008/11/10",136733.03
"2008/11/11",73286.28
"2008/11/12",85537.57
"2008/11/13",146321.52
"2008/11/14",48349.33
"2008/11/18",174553.22
"2008/11/19",123555.04
"2008/11/20",130355.54
"2008/11/21",43286.2
"2008/11/24",193121.23
"2008/11/25",100498.21
"2008/11/26",181329.32
"2008/11/27",186927.77
"2008/11/28",133235.75
"2008/12/01",68845.25
"2008/12/02",113811.86
"2008/12/03",166268.34
"2008/12/04",155892.77
"2008/12/05",107688.66
"2008/12/09",283346.42
"2008/12/10",120029.81
"2008/12/11",118219.09
"2008/12/12",253635.77
"2008/12/15",75899.69
"2008/12/16",178283.76
"2008/12/17",156955.99
"2008/12/18",228953.41
"2008/12/19",183374.3
"2008/12/22",73037.69
"2008/12/23",52169.99
"2008/12/24",88963.59
"2008/12/26",164988.18
"2008/12/29",110049.42
"2008/12/30",121200.72
"2009/01/02",181635.33
"2009/01/05",78869.1
"2009/01/06",184843.03
"2009/01/07",153233.01
"2009/01/08",117812.27
"2009/01/09",48338.17
"2009/01/13",266210.47
"2009/01/14",176780.07
"2009/01/15",104034.55
"2009/01/16",124000.51
"2009/01/19",78702.37
"2009/01/20",171196.73
"2009/01/21",163043.93
"2009/01/22",260606.78
"2009/01/23",241182.18
"2009/01/26",65768.48
"2009/01/27",121378.56
"2009/01/28",102265.74
"2009/01/29",160154.65
"2009/01/30",281413.2
"2009/02/02",63253.43
"2009/02/03",40765.44
"2009/02/04",109810.73
"2009/02/05",50048.63
"2009/02/06",92074.29
"2009/02/09",59244.54
"2009/02/10",61124.91
"2009/02/11",77058.1
"2009/02/12",70384.89
"2009/02/13",145137.62
"2009/02/16",75317.78
"2009/02/17",35895.57
"2009/02/18",113709.16
"2009/02/19",91964.56
"2009/02/20",101859.53
"2009/02/23",72998.53
"2009/02/24",44732.52
"2009/02/25",66050.07
"2009/02/26",124476.99
"2009/02/27",183896.64
"2009/03/02",154841.93
"2009/03/03",106897.02
"2009/03/04",202224.4
"2009/03/05",111791.58
"2009/03/06",45983.81
"2009/03/09",167862.29
"2009/03/10",87824.49
"2009/03/11",180044.46
"2009/03/12",258686.41
"2009/03/13",36000.69
"2009/03/16",123706.82
"2009/03/17",132194.92
"2009/03/18",190866.6
"2009/03/19",188722.94
"2009/03/20",33344.55
"2009/03/24",221829.46
"2009/03/25",81938.9
"2009/03/26",158811.41
"2009/03/27",35987.99
"2009/03/30",171667.79
"2009/03/31",47482.79
"2009/04/01",50494.86
"2009/04/02",73420.92
"2009/04/03",89259.73
"2009/04/06",139008.34
"2009/04/07",85544.91
"2009/04/08",101206.36
"2009/04/13",217499.39
"2009/04/14",123331.7
"2009/04/15",121268.41
"2009/04/16",101063
"2009/04/17",57277.52
"2009/04/20",74165.31
"2009/04/21",77671.58
"2009/04/22",130183.29
"2009/04/23",98782.79
"2009/04/24",130833.34
"2009/04/27",233694.39
"2009/04/28",87249.14
"2009/04/29",121948.28
"2009/04/30",129561.51
"2009/05/04",153807.98
"2009/05/05",96185.26
"2009/05/06",117604.19
"2009/05/07",33748.09
"2009/05/08",36728.88
"2009/05/11",143252.47
"2009/05/12",103329.15
"2009/05/13",90619.21
"2009/05/14",133286.11
"2009/05/15",33378.56
"2009/05/18",190328.27
"2009/05/19",133702.57
"2009/05/20",97473.71
"2009/05/21",54507.38
"2009/05/22",40383.63
"2009/05/26",187427.9
"2009/05/27",162366.96
"2009/05/28",99185.22
"2009/05/29",34721.67
"2009/06/01",131220.95
"2009/06/02",88437.58
"2009/06/03",86166.4
"2009/06/04",172302.96
"2009/06/05",54966.98
"2009/06/08",77232.81
"2009/06/09",112659.16
"2009/06/10",79500.06
"2009/06/11",99613.06
"2009/06/12",61476.35
"2009/06/16",192918.99
"2009/06/17",134345.73
"2009/06/18",197743.9
"2009/06/19",61215.86
"2009/06/23",92767.2
"2009/06/24",156710.07
"2009/06/25",102614.48
"2009/06/26",87347.55
"2009/06/30",157550.23
"2009/07/01",86760.71
"2009/07/02",135466.1
"2009/07/03",53420.81
"2009/07/06",125428.14
"2009/07/07",121039.33
"2009/07/08",78612.86
"2009/07/09",87153.72
"2009/07/10",34151.98
"2009/07/13",108155.95
"2009/07/14",82644.44
"2009/07/15",92683.38
"2009/07/16",92699.52
"2009/07/17",235311.3
"2009/07/21",172077.86
"2009/07/22",99527.41
"2009/07/23",117789.92
"2009/07/24",43608.42
"2009/07/27",135085.21
"2009/07/28",84941.59
"2009/07/29",115436.31
"2009/07/30",106244.39
"2009/07/31",30759.34
"2009/08/03",74121.65
"2009/08/04",165239.32
"2009/08/05",68369.63
"2009/08/06",175836.22
"2009/08/10",148106.57
"2009/08/11",112164.53
"2009/08/12",145649.13
"2009/08/13",94556.71
"2009/08/14",48380.86
"2009/08/18",162279.25
"2009/08/19",94909.53
"2009/08/20",120331.18
"2009/08/21",44649.19
"2009/08/24",106015.8
"2009/08/25",63294.39
"2009/08/26",105487.43
"2009/08/27",113367.58
"2009/08/28",61091.48
"2009/08/31",53641.26
"2009/09/01",118369.78
"2009/09/02",87138.74
"2009/09/03",67280.9
"2009/09/04",136072.03
"2009/09/07",115577.16
"2009/09/08",41235.81
"2009/09/09",114528.65
"2009/09/10",79938.96
"2009/09/11",143102.27
"2009/09/14",182034.49
"2009/09/15",70794.7
"2009/09/16",157906.2
"2009/09/17",107076.64
"2009/09/18",193890.59
"2009/09/21",120416.19
"2009/09/22",52293.04
"2009/09/23",106610.46
"2009/09/24",69631.73
"2009/09/25",67442.73
"2009/09/28",95064.49
"2009/09/29",40650.16
"2009/09/30",74069.11
"2009/10/01",42614.42
"2009/10/02",36686.01
"2009/10/05",101111.32
"2009/10/06",130919.24
"2009/10/07",86499.81
"2009/10/08",52933.58
"2009/10/09",37801.02
"2009/10/13",147107.3
"2009/10/14",61808.59
"2009/10/15",69839.48
"2009/10/16",69819.2
"2009/10/19",248819.86
"2009/10/20",43675.09
"2009/10/21",92802.97
"2009/10/22",53517.37
"2009/10/23",48881.09
"2009/10/26",64710.1
"2009/10/27",93802.52
"2009/10/28",103734.15
"2009/10/29",71705.22
"2009/10/30",56191.25
"2009/11/03",79436.77
"2009/11/04",90382.75
"2009/11/05",69777.91
"2009/11/06",48828.74
"2009/11/09",55948.89
"2009/11/10",58099.52
"2009/11/11",77156.12
"2009/11/12",97721.81
"2009/11/13",57653.58
"2009/11/17",116815.54
"2009/11/18",101036.17
"2009/11/19",84038.99
"2009/11/20",55291.88
"2009/11/23",106660.74
"2009/11/24",59146.89
"2009/11/25",62762.18
"2009/11/26",107856.05
"2009/11/27",66962.42
"2009/11/30",74882.71
"2009/12/01",139501.7
"2009/12/02",85604.53
"2009/12/03",69564.53
"2009/12/04",88516.04
"2009/12/07",66835.2
"2009/12/09",152203.91
"2009/12/10",123779.77
"2009/12/11",126354.2
"2009/12/14",101587.01
"2009/12/15",75379.38
"2009/12/16",100132.15
"2009/12/17",113768.11
"2009/12/18",108079.6
"2009/12/21",59600.51
"2009/12/22",50274.47
"2009/12/23",125871.96
"2009/12/24",66118.59
"2009/12/28",90318.51
"2009/12/29",111167.32
"2009/12/30",140106.78
"2010/01/04",77704.78
"2010/01/05",118041.41
"2010/01/06",177605.1
"2010/01/07",219400.47
"2010/01/08",151578.21
"2010/01/12",171022.06
"2010/01/13",111538.99
"2010/01/14",160983.13
"2010/01/15",157596.19
"2010/01/18",60938.42
"2010/01/19",74721.77
"2010/01/20",61403.43
"2010/01/21",131331.38
"2010/01/22",82324.26
"2010/01/25",68010.17
"2010/01/26",69724.41
"2010/01/27",98389.82
"2010/01/28",120904.16
"2010/01/29",267753.74
"2010/02/01",64988.18
"2010/02/02",54220.29
"2010/02/03",78225.8
"2010/02/04",123590.92
"2010/02/05",90707.49
"2010/02/08",74796.74
"2010/02/09",43054.28
"2010/02/10",89863.56
"2010/02/11",109723.54
"2010/02/12",115467.4
"2010/02/15",69635.85
"2010/02/16",35438.97
"2010/02/17",53895.56
"2010/02/18",86896.33
"2010/02/19",112161.27
"2010/02/22",60673.28
"2010/02/23",84501.12
"2010/02/24",121129.35
"2010/02/25",132201.24
"2010/02/26",98058.4
"2010/03/01",159544
"2010/03/02",85795.11
"2010/03/03",165477.2
"2010/03/04",126636.49
"2010/03/05",46640
"2010/03/08",105360.99
"2010/03/09",106784.78
"2010/03/10",87498.88
"2010/03/11",81256.25
"2010/03/12",64146.19
"2010/03/15",131086.16
"2010/03/16",79305.01
"2010/03/17",73503.87
"2010/03/18",74000.06
"2010/03/19",47382.86
"2010/03/23",181160.14
"2010/03/24",80712.2
"2010/03/25",87931.02
"2010/03/26",47296.68
"2010/03/29",108014.82
"2010/03/30",97510.47
"2010/03/31",50322.32
"2010/04/05",91652.33
"2010/04/06",94626.45
"2010/04/07",139563.56
"2010/04/08",72632.78
"2010/04/09",47819.14
"2010/04/12",67601
"2010/04/13",85568.36
"2010/04/14",96902.35
"2010/04/15",80935.76
"2010/04/16",84295.67
"2010/04/19",83270.48
"2010/04/20",45042.23
"2010/04/21",93868.5
"2010/04/22",60988.76
"2010/04/23",68704.1
"2010/04/26",81231.9
"2010/04/27",86179.67
"2010/04/28",105551.87
"2010/04/29",142492.57
"2010/04/30",81102.91
"2010/05/03",90128.19
"2010/05/04",66139.18
"2010/05/05",88864.78
"2010/05/06",47098.09
"2010/05/07",37667.06
"2010/05/10",106801.08
"2010/05/11",92609.08
"2010/05/12",88819.11
"2010/05/13",87989.31
"2010/05/14",44892.02
"2010/05/18",113010.01
"2010/05/19",157458.27
"2010/05/20",92998
"2010/05/21",37034.39
"2010/05/24",170337.87
"2010/05/25",115310.17
"2010/05/26",93960.04
"2010/05/27",56400.52
"2010/05/28",63641.77
"2010/05/31",42647.77
"2010/06/01",115750.64
"2010/06/02",83182.75
"2010/06/03",109689.76
"2010/06/04",57368.72
"2010/06/08",155411.86
"2010/06/09",89700.06
"2010/06/10",84492.63
"2010/06/11",58074
"2010/06/15",206805.54
"2010/06/16",87351.44
"2010/06/17",155299.54
"2010/06/18",118612.96
"2010/06/21",73863.58
"2010/06/22",87839.14
"2010/06/23",82291.84
"2010/06/24",64531.94
"2010/06/25",40919.47
"2010/06/28",63287.64
"2010/06/29",80779.99
"2010/06/30",65390.78
"2010/07/01",37034.74
"2010/07/02",40569.08
"2010/07/06",182131.96
"2010/07/07",78094.59
"2010/07/08",87001.19
"2010/07/09",44634.91
"2010/07/12",73425.14
"2010/07/13",75235.77
"2010/07/14",91342.52
"2010/07/15",126427.8
"2010/07/16",44574.22
"2010/07/19",90272.34
"2010/07/21",115000.62
"2010/07/22",77235.17
"2010/07/23",49834.84
"2010/07/26",131120.34
"2010/07/27",97812.18
"2010/07/28",116638.84
"2010/07/29",148960.05
"2010/07/30",42801.09
"2010/08/02",95570.88
"2010/08/03",71906.88
"2010/08/04",112448.28
"2010/08/05",59869.53
"2010/08/06",41793.36
"2010/08/09",73807.31
"2010/08/10",149606.21
"2010/08/11",88340.45
"2010/08/12",81938.02
"2010/08/13",50701.57
"2010/08/17",101611.45
"2010/08/18",74391.42
"2010/08/19",100053.08
"2010/08/20",44144.4
"2010/08/23",64074.48
"2010/08/24",106180.94
"2010/08/25",90389.67
"2010/08/26",91363.12
"2010/08/27",41749.8
"2010/08/30",80131.03
"2010/08/31",47697.81
"2010/09/01",94688.5
"2010/09/02",67566.64
"2010/09/03",123339.16
"2010/09/06",93201.59
"2010/09/07",105648.73
"2010/09/08",61424.21
"2010/09/09",78882.96
"2010/09/10",155813.78
"2010/09/13",145336.97
"2010/09/14",44259.87
"2010/09/15",66069.93
"2010/09/16",83527.79
"2010/09/17",137325.01
"2010/09/20",134863.24
"2010/09/21",71937.2
"2010/09/22",112454.93
"2010/09/23",70864.99
"2010/09/24",50801.73
"2010/09/27",110525.6
"2010/09/28",43481.14
"2010/09/29",85288.75
"2010/09/30",54856
"2010/10/01",30848.9
"2010/10/04",57692.2
"2010/10/05",48046.34
"2010/10/06",90070.73
"2010/10/07",66773.63
"2010/10/08",82592.66
"2010/10/11",62998.74
"2010/10/12",71568.96
"2010/10/13",101160.24
"2010/10/14",55938.66
"2010/10/15",52933.67
"2010/10/19",119017.07
"2010/10/20",75798.21
"2010/10/21",107640.6
"2010/10/22",38922.43
"2010/10/25",111510.23
"2010/10/26",61538.85
"2010/10/27",92315.29
"2010/10/28",87121.6
"2010/10/29",100341.42
"2010/11/02",97301.76
"2010/11/03",109504.9
"2010/11/04",78115.23
"2010/11/05",51918.1
"2010/11/08",86943.54
"2010/11/09",58498.69
"2010/11/10",67409.44
"2010/11/11",82534.49
"2010/11/12",54557.57
"2010/11/16",93200.18
"2010/11/17",53111.27
"2010/11/18",68533.22
"2010/11/19",50097.22
"2010/11/22",65612.37
"2010/11/23",66551.57
"2010/11/24",59051.67
"2010/11/25",66287.33
"2010/11/26",52248.62
"2010/11/29",58348.71
"2010/11/30",48284.46
"2010/12/01",117090.55
"2010/12/02",80077.14
"2010/12/03",97126.98
"2010/12/06",66928.72
"2010/12/07",90751.83
"2010/12/09",158289.76
"2010/12/10",79983.32
"2010/12/13",68079.56
"2010/12/14",92803.49
"2010/12/15",87986.98
"2010/12/16",84968.9
"2010/12/17",114425.4
"2010/12/20",117489.78
"2010/12/21",57973.27
"2010/12/22",76564.06
"2010/12/23",87342.74
"2010/12/24",52946.75
"2010/12/27",66189.14
"2010/12/28",90944.19
"2010/12/29",167670.95
"2010/12/30",213594.97
"2010/12/31",2199.5
"2011/01/03",66047.41
"2011/01/04",47581.8
"2011/01/05",109987.03
"2011/01/06",137332.51
"2011/01/07",102546.67
"2011/01/11",165104.17
"2011/01/12",71067.43
"2011/01/13",113754.17
"2011/01/14",67799.66
"2011/01/17",75883.64
"2011/01/18",51698.15
"2011/01/19",82992.34
"2011/01/20",66987.73
"2011/01/21",54693.22
"2011/01/24",80719.84
"2011/01/25",53548.15
"2011/01/26",83939.31
"2011/01/27",108435.82
"2011/01/28",98793.88
"2011/01/31",63884.6
"2011/02/01",46717.58
"2011/02/02",85996.29
"2011/02/03",61241.37
"2011/02/04",88302.75
"2011/02/07",60579.58
"2011/02/08",74258.1
"2011/02/09",74070.41
"2011/02/10",53594.73
"2011/02/11",76949.35
"2011/02/14",75321.54
"2011/02/15",37928.75
"2011/02/16",67673.95
"2011/02/17",68221.18
"2011/02/18",103911.1
"2011/02/21",66736.31
"2011/02/22",46932.22
"2011/02/23",76240.78
"2011/02/24",64631.9
"2011/02/25",103353.05
"2011/02/28",92891.86
"2011/03/01",119410.08
"2011/03/02",117325.69
"2011/03/03",107914.72
"2011/03/04",40567.2
"2011/03/07",116508.55
"2011/03/08",46411.39
"2011/03/09",126853.73
"2011/03/10",75351.19
"2011/03/11",43211.38
"2011/03/14",132869.64
"2011/03/15",82038.14
"2011/03/16",114298.73
"2011/03/17",127498.24
"2011/03/18",91894.24
"2011/03/22",172075.77
"2011/03/23",77840.53
"2011/03/24",90360.5
"2011/03/25",47812.11
"2011/03/28",115476.14
"2011/03/29",110872.54
"2011/03/30",175812.62
"2011/03/31",54181.3
"2011/04/01",85517.77
"2011/04/04",83024.47
"2011/04/05",54136.73
"2011/04/06",175850.38
"2011/04/07",99910.81
"2011/04/08",77065.09
"2011/04/11",90841.49
"2011/04/12",65448.12
"2011/04/13",104999.05
"2011/04/14",76722.01
"2011/04/15",133027.7
"2011/04/18",124065.16
"2011/04/19",80367.03
"2011/04/20",61993.34
"2011/04/25",171965.84
"2011/04/26",90284.52
"2011/04/27",146150.21
"2011/04/28",72623.27
"2011/04/29",101223.71
"2011/05/02",111882.45
"2011/05/03",55735.47
"2011/05/04",86031.6
"2011/05/05",45205.02
"2011/05/06",47735.47
"2011/05/09",110630.2
"2011/05/10",68430.89
"2011/05/11",105485.1
"2011/05/12",55134.69
"2011/05/13",70988.63
"2011/05/16",109408.53
"2011/05/17",47543.57
"2011/05/18",111130.29
"2011/05/19",51250.28
"2011/05/20",46079.25
"2011/05/23",108917.63
"2011/05/24",62236.99
"2011/05/25",111703.37
"2011/05/26",60871.03
"2011/05/27",46207.66
"2011/05/30",91526.08
"2011/05/31",44889.94
"2011/06/01",102438.99
"2011/06/02",60543.34
"2011/06/03",56252.83
"2011/06/07",127750.76
"2011/06/08",109611.55
"2011/06/09",93234.3
"2011/06/10",57174.72
"2011/06/13",81792.11
"2011/06/14",89871.81
"2011/06/15",91356.67
"2011/06/16",67223.7
"2011/06/17",86365.46
"2011/06/20",86682.09
"2011/06/21",97563.79
"2011/06/22",156417.18
"2011/06/23",84256.17
"2011/06/24",51174.67
"2011/06/28",173373.8
"2011/06/29",127558.62
"2011/06/30",156340.57
"2011/07/01",53048.48
"2011/07/05",147168.66
"2011/07/06",127630.12
"2011/07/07",86858.55
"2011/07/08",64363.27
"2011/07/11",122116.98
"2011/07/12",68008.93
"2011/07/13",121235.49
"2011/07/14",78556.76
"2011/07/15",95564.2
"2011/07/18",120923.83
"2011/07/19",91710.98
"2011/07/21",73003.38
"2011/07/22",41814.89
"2011/07/25",133167.38
"2011/07/26",92885.82
"2011/07/27",97027.68
"2011/07/28",91693.48
"2011/07/29",64534.93
"2011/08/01",97678.21
"2011/08/02",142280.98
"2011/08/03",71589.89
"2011/08/04",68459.72
"2011/08/05",53870.95
"2011/08/08",111857.24
"2011/08/09",79306.9
"2011/08/10",128455.66
"2011/08/11",95164.41
"2011/08/12",46027.44
"2011/08/16",147988.59
"2011/08/17",86979.82
"2011/08/18",108466.86
"2011/08/19",55933.21
"2011/08/22",97996.43
"2011/08/23",79221.6
"2011/08/24",87941.27
"2011/08/25",76694.54
"2011/08/26",55388.1
"2011/08/29",74190.24
"2011/08/30",75240.39
"2011/08/31",74502.48
"2011/09/01",107299.01
"2011/09/02",74982.14
"2011/09/05",98871.66
"2011/09/06",53518.62
"2011/09/07",119915.84
"2011/09/08",49298.33
"2011/09/09",113861.62
"2011/09/12",95797.92
"2011/09/13",69076.09
"2011/09/14",81513.99
"2011/09/15",64061
"2011/09/16",72027.63
"2011/09/19",111046.46
"2011/09/20",75727.38
"2011/09/21",82187.9
"2011/09/22",78395.15
"2011/09/23",127534.09
"2011/09/26",165786.49
"2011/09/27",52821.57
"2011/09/28",97269.16
"2011/09/29",78440.94
"2011/09/30",81590.39
"2011/10/03",169354.34
"2011/10/04",56549.11
"2011/10/05",99425.57
"2011/10/06",84462.16
"2011/10/07",61980.32
"2011/10/10",96635.34
"2011/10/11",118970.31
"2011/10/12",64160.18
"2011/10/13",105699.6
"2011/10/14",79688.36
"2011/10/18",217161.29
"2011/10/19",116909.79
"2011/10/20",69189.05
"2011/10/21",54051.57
"2011/10/24",79055.48
"2011/10/25",98577.58
"2011/10/26",73804.79
"2011/10/27",118274.89
"2011/10/28",63547.93
"2011/10/31",71488.83
"2011/11/01",108734.72
"2011/11/02",101806.74
"2011/11/03",81536.52
"2011/11/04",395630.27
"2011/11/08",206029.23
"2011/11/09",74809.95
"2011/11/10",82541.08
"2011/11/11",57728.69
"2011/11/15",116184.67
"2011/11/16",77045.06
"2011/11/17",132510.17
"2011/11/18",80745.9
"2011/11/21",94397.89
"2011/11/22",123711.85
"2011/11/23",91921.53
"2011/11/24",58386.6
"2011/11/25",52560.61
"2011/11/28",88372.66
"2011/11/29",62991.34
"2011/11/30",87122.13
"2011/12/01",76683.43
"2011/12/02",75755.3
"2011/12/05",124471.24
"2011/12/06",61737.23
"2011/12/07",88201.26
"2011/12/09",105181.29
"2011/12/12",177438.81
"2011/12/13",187623.95
"2011/12/14",133939.17
"2011/12/15",120415.05
"2011/12/16",81035.56
"2011/12/19",120953.23
"2011/12/20",79728.29
"2011/12/21",77218.25
"2011/12/22",111036.75
"2011/12/23",123983.71
"2011/12/26",154864.24
"2011/12/27",77577.68
"2011/12/28",243366.14
"2011/12/29",118747.26
"2011/12/30",21147.41
"2012/01/02",136188.76
"2012/01/03",155257.76
"2012/01/04",95954.49
"2012/01/05",76299.97
"2012/01/06",79206.01
"2012/01/10",161612.54
"2012/01/11",110190.33
"2012/01/12",141511.65
"2012/01/13",120425.03
"2012/01/16",159176.25
"2012/01/17",53344.76
"2012/01/18",124776.38
"2012/01/19",141864.76
"2012/01/20",66347.59
"2012/01/23",86694.14
"2012/01/24",73240.63
"2012/01/25",120559.02
"2012/01/26",108259.95
"2012/01/27",137678.85
"2012/01/30",107765.32
"2012/01/31",128824.26
"2012/02/01",54431.18
"2012/02/02",82314.32
"2012/02/03",85532.88
"2012/02/06",85703.43
"2012/02/07",97413.37
"2012/02/08",99965.91
"2012/02/09",91092.11
"2012/02/10",82546.75
"2012/02/13",106374.77
"2012/02/14",97759.16
"2012/02/15",110540.02
"2012/02/16",99938.26
"2012/02/17",73926.38
"2012/02/20",86482.16
"2012/02/21",66793.78
"2012/02/22",77118.84
"2012/02/23",134092.75
"2012/02/24",73301.91
"2012/02/27",86760.6
"2012/02/28",92592.37
"2012/02/29",130561.36
"2012/03/01",106230.82
"2012/03/02",82822.96
"2012/03/05",128225.63
"2012/03/06",76698.19
"2012/03/07",77227
"2012/03/08",76914.1
"2012/03/09",67299.17
"2012/03/12",144941.21
"2012/03/13",56237.37
"2012/03/14",77344.33
"2012/03/15",82652.12
"2012/03/16",86959.79
"2012/03/20",119166.1
"2012/03/21",170128.67
"2012/03/22",89674.55
"2012/03/23",71868.17
"2012/03/26",181165.98
"2012/03/27",92514.16
"2012/03/28",201029.45
"2012/03/29",126901.72
"2012/03/30",79886.54
"2012/04/02",90926.3
"2012/04/03",105749.91
"2012/04/04",104294.85
"2012/04/09",185391.87
"2012/04/10",187096.01
"2012/04/11",186681.28
"2012/04/12",118780.43
"2012/04/13",144932.98
"2012/04/16",113336.71
"2012/04/17",69178.76
"2012/04/18",93791.22
"2012/04/19",125754.12
"2012/04/20",62718.1
"2012/04/23",100118.53
"2012/04/24",65561.36
"2012/04/25",94108.22
"2012/04/26",87031.43
"2012/04/27",117415.15
"2012/04/30",137595.63
"2012/05/02",153633.67
"2012/05/03",98012.28
"2012/05/04",99631.32
"2012/05/07",84210.79
"2012/05/08",112313.03
"2012/05/09",143383.59
"2012/05/10",81871.18
"2012/05/11",69918.21
"2012/05/14",161890.12
"2012/05/15",83265.06
"2012/05/16",93632.27
"2012/05/17",96602.86
"2012/05/18",55164.79
"2012/05/22",218910.02
"2012/05/23",101417.68
"2012/05/24",83468.68
"2012/05/25",66267.51
"2012/05/28",120964.28
"2012/05/29",113215.15
"2012/05/30",77123.84
"2012/05/31",55338.78
"2012/06/01",60252.56
"2012/06/04",112656.42
"2012/06/05",99052.36
"2012/06/06",74574.79
"2012/06/07",87036.89
"2012/06/08",51330.69
"2012/06/12",198111.22
"2012/06/13",77531.97
"2012/06/14",160618.68
"2012/06/15",67843.01
"2012/06/19",149555.12
"2012/06/20",95283.2
"2012/06/21",118611.02
"2012/06/22",59346.88
"2012/06/25",117261.47
"2012/06/26",151040.87
"2012/06/27",117636.67
"2012/06/28",134771.83
"2012/06/29",86650.16
"2012/07/03",191252.62
"2012/07/04",83725.75
"2012/07/05",110933.31
"2012/07/06",59235.06
"2012/07/09",158522.54
"2012/07/10",170957.32
"2012/07/11",94706.92
"2012/07/12",89689
"2012/07/13",68554.91
"2012/07/16",100677.75
"2012/07/17",94067.46
"2012/07/18",94231.07
"2012/07/19",101119.58
"2012/07/23",140872.49
"2012/07/24",138844.29
"2012/07/25",140017.88
"2012/07/26",93782.9
"2012/07/27",68699.95
"2012/07/30",138272.68
"2012/07/31",77336.07
"2012/08/01",66768.97
"2012/08/02",89184.83
"2012/08/03",56654.63
"2012/08/06",126544.93
"2012/08/08",165842.79
"2012/08/09",117457.18
"2012/08/10",77452.82
"2012/08/13",110525.82
"2012/08/14",98081.5
"2012/08/15",98749.81
"2012/08/16",90341.28
"2012/08/17",77969.59
"2012/08/21",103958.17
"2012/08/22",116146.2
"2012/08/23",148948.89
"2012/08/24",65096.65
"2012/08/27",98693.17
"2012/08/28",129402.01
"2012/08/29",101593.44
"2012/08/30",115647.57
"2012/08/31",66825.08
"2012/09/03",126238.77
"2012/09/04",88962.04
"2012/09/05",86919.28
"2012/09/06",80993.07
"2012/09/07",112226.86
"2012/09/10",154845.16
"2012/09/11",78717.63
"2012/09/12",135333.52
"2012/09/13",62939.05
"2012/09/14",81282.34
"2012/09/17",112631.64
"2012/09/18",59456.27
"2012/09/19",81949.9
"2012/09/20",78041.1
"2012/09/21",94100.15
"2012/09/24",109574.82
"2012/09/25",68834.39
"2012/09/26",183359.36
"2012/09/27",63272.11
"2012/09/28",129963.87
"2012/10/01",97455.17
"2012/10/02",62888.19
"2012/10/03",123923.08
"2012/10/04",99318.97
"2012/10/05",59942.66
"2012/10/08",99923.4
"2012/10/09",89235.41
"2012/10/10",120151.19
"2012/10/11",66708.43
"2012/10/12",85639.58
"2012/10/16",162477.75
"2012/10/17",88787.9
"2012/10/18",94779.21
"2012/10/19",98092.29
"2012/10/22",79820.42
"2012/10/23",103356.93
"2012/10/24",74892.24
"2012/10/25",111011.77
"2012/10/26",66393.35
"2012/10/29",117103.64
"2012/10/30",113837.72
"2012/10/31",485970.95
"2012/11/01",55248.59
"2012/11/02",63256.28
"2012/11/06",143645.82
"2012/11/07",66374.48
"2012/11/08",129418.8
"2012/11/09",73044.74
"2012/11/13",158860.84
"2012/11/14",104803.09
"2012/11/15",105309.31
"2012/11/16",187864.81
"2012/11/19",124495.18
"2012/11/20",87017.36
"2012/11/21",84336
"2012/11/22",96695.84
"2012/11/23",95819.74
"2012/11/26",119737.82
"2012/11/27",75336.3
"2012/11/28",263466.4
"2012/11/29",58935.43
"2012/11/30",73052.6
"2012/12/03",106670.01
"2012/12/04",81005.07
"2012/12/05",110598.63
"2012/12/06",64187.11
"2012/12/07",75249.51
"2012/12/10",146162.61
"2012/12/11",62774.02
"2012/12/12",181437.69
"2012/12/13",90931.5
"2012/12/14",105869.09
"2012/12/17",105332.74
"2012/12/18",110296.39
"2012/12/19",121587.18
"2012/12/20",103802.26
"2012/12/21",151860.92
"2012/12/24",87784.73
"2012/12/26",215102.09
"2012/12/27",203303.34
"2012/12/28",115637.85
"2012/12/31",12577.29
"2013/01/02",164611.28
"2013/01/03",154645
"2013/01/04",185801.36
"2013/01/08",223548.69
"2013/01/09",176282.21
"2013/01/10",171984.75
"2013/01/11",109148.07
"2013/01/14",113850.33
"2013/01/15",78447.75
"2013/01/16",126556.92
"2013/01/17",121899.4
"2013/01/18",130768.56
"2013/01/21",102224.81
"2013/01/22",67406.07
"2013/01/23",133388.99
"2013/01/24",86402.78
"2013/01/25",100980.78
"2013/01/28",110106.98
"2013/01/29",88771.93
"2013/01/30",127706.56
"2013/01/31",48728.67
"2013/02/01",64634.87
"2013/02/04",90393.84
"2013/02/05",95470.99
"2013/02/06",111215.75
"2013/02/07",59493.43
"2013/02/08",80276.41
"2013/02/11",95553.73
"2013/02/12",51816.82
"2013/02/13",74082.83
"2013/02/14",98163.75
"2013/02/15",89831.77
"2013/02/18",108247.37
"2013/02/19",78649.04
"2013/02/20",80721.08
"2013/02/21",59900.94
"2013/02/22",102527.76
"2013/02/25",105596.52
"2013/02/26",63170.4
"2013/02/27",106530.39
"2013/02/28",148613.78
"2013/03/01",75217.47
"2013/03/04",171257.17
"2013/03/05",131541.22
"2013/03/06",98264.14
"2013/03/07",100074.62
"2013/03/08",60644.61
"2013/03/11",209255.95
"2013/03/12",98611.54
"2013/03/13",88160.11
"2013/03/14",109551.41
"2013/03/15",98591.69
"2013/03/18",136950.2
"2013/03/19",87441.81
"2013/03/20",105891.33
"2013/03/21",104969.02
"2013/03/22",126320.64
"2013/03/26",193481.39
"2013/03/27",116587.77
"2013/04/01",191324.19
"2013/04/02",90023.11
"2013/04/03",146745.15
"2013/04/04",80218.54
"2013/04/05",82156.56
"2013/04/08",152765.9
"2013/04/09",161686.42
"2013/04/10",147674.53
"2013/04/11",83885.31
"2013/04/12",128575.12
"2013/04/15",118918.87
"2013/04/16",103996.18
"2013/04/17",96214.32
"2013/04/18",99209.94
"2013/04/19",82432.32
"2013/04/22",149136.62
"2013/04/23",109502.84
"2013/04/24",94131.75
"2013/04/25",78504.21
"2013/04/26",88190.59
"2013/04/29",153786.72
"2013/04/30",116249.49
"2013/05/02",138343.49
"2013/05/03",56886.91
"2013/05/06",149366.76
"2013/05/07",75330.98
"2013/05/08",95538.66
"2013/05/09",76286.44
"2013/05/10",54832.81
"2013/05/14",167504.92
"2013/05/15",94980.69
"2013/05/16",94848.77
"2013/05/17",80632.48
"2013/05/20",179140.85
"2013/05/21",99591.05
"2013/05/22",102111.58
"2013/05/23",64468.72
"2013/05/24",52983.09
"2013/05/27",181887.69
"2013/05/28",135960.02
"2013/05/29",115943.76
"2013/05/30",91447.08
"2013/05/31",64924.23
"2013/06/04",176586.69
"2013/06/05",104983.03
"2013/06/06",105035.47
"2013/06/07",91564.91
"2013/06/11",156266.86
"2013/06/12",109264.65
"2013/06/13",111957.01
"2013/06/14",105993.49
"2013/06/17",162108.5
"2013/06/18",124225.01
"2013/06/19",127087.97
"2013/06/20",127722.66
"2013/06/21",87024.63
"2013/06/24",149632.91
"2013/06/25",106376.27
"2013/06/26",202407.76
"2013/06/27",132671.68
"2013/06/28",129226.43
"2013/07/02",169280.57
"2013/07/03",134391.41
"2013/07/04",167332.91
"2013/07/05",93997.62
"2013/07/08",167417.6
"2013/07/09",111926.54
"2013/07/10",184272
"2013/07/11",126012.86
"2013/07/12",91857.46
"2013/07/15",131264.84
"2013/07/16",174064.33
"2013/07/17",127977.99
"2013/07/18",130110.57
"2013/07/19",89076.18
"2013/07/22",183679.5
"2013/07/23",175546.88
"2013/07/24",178308.69
"2013/07/25",205695.34
"2013/07/26",91612.74
"2013/07/29",209862.51
"2013/07/30",118223.02
"2013/07/31",79406.96
"2013/08/01",165751.79
"2013/08/02",75066.91
"2013/08/05",158232.94
"2013/08/06",110411.45
"2013/08/08",210474.82
"2013/08/09",85978.08
"2013/08/12",211414.6
"2013/08/13",114660.85
"2013/08/14",301282.94
"2013/08/15",240453.56
"2013/08/16",90070.79
"2013/08/20",252218.79
"2013/08/21",201672.46
"2013/08/22",170100.02
"2013/08/23",118472.87
"2013/08/26",303893.75
"2013/08/27",328766.25
"2013/08/28",216218.89
"2013/08/29",152287.62
"2013/08/30",139971.69
"2013/09/02",158163.16
"2013/09/03",134026.77
"2013/09/04",220817.37
"2013/09/05",164713.73
"2013/09/06",196594.86
"2013/09/09",265315.78
"2013/09/10",95891.57
"2013/09/11",198472.79
"2013/09/12",329812.82
"2013/09/13",159235.12
"2013/09/16",184554.55
"2013/09/17",142806.85
"2013/09/18",173195.76
"2013/09/19",99086.87
"2013/09/20",171214.56
"2013/09/23",240053.9
"2013/09/24",189040.92
"2013/09/25",225536.09
"2013/09/26",313948.71
"2013/09/27",313652.54
"2013/09/30",194880.6
"2013/10/01",72904.21
"2013/10/02",178970.67
"2013/10/03",105361.56
"2013/10/04",89629.18
"2013/10/07",159102.63
"2013/10/08",108873.85
"2013/10/09",196984.94
"2013/10/10",234816.94
"2013/10/11",90715.56
"2013/10/15",237134.67
"2013/10/16",153950.47
"2013/10/17",143130.45
"2013/10/18",89823.62
"2013/10/21",256736.46
"2013/10/22",143262.4
"2013/10/23",235694.93
"2013/10/24",136133.95
"2013/10/25",170201.92
"2013/10/28",193379.6
"2013/10/29",159356.68
"2013/10/30",135064.54
"2013/10/31",71080.09
"2013/11/01",75424.25
"2013/11/05",211728.45
"2013/11/06",145373.91
"2013/11/07",103433.71
"2013/11/08",88633.06
"2013/11/12",273852
"2013/11/13",175445.73
"2013/11/14",199909.39
"2013/11/15",86961.59
"2013/11/18",169682.92
"2013/11/19",83222.35
"2013/11/20",250862.49
"2013/11/21",103704.17
"2013/11/22",93085.15
"2013/11/25",307178.36
"2013/11/26",98010.58
"2013/11/27",238597.13
"2013/11/28",100495.62
"2013/11/29",107301.38
"2013/12/02",154193.03
"2013/12/03",119413.25
"2013/12/04",148824.14
"2013/12/05",170648.58
"2013/12/06",153255.21
"2013/12/09",142400.9
"2013/12/10",109772.25
"2013/12/11",220518.25
"2013/12/12",292864.72
"2013/12/13",201583.73
"2013/12/16",184228.8
"2013/12/17",159039.09
"2013/12/18",197723.18
"2013/12/19",224719.96
"2013/12/20",217424.51
"2013/12/23",159359.49
"2013/12/24",137969.21
"2013/12/26",320760.36
"2013/12/27",277339.37
"2013/12/30",207586.02
"2013/12/31",4768.77
"2014/01/02",238718.24
"2014/01/03",247495.43
"2014/01/07",315268.93
"2014/01/08",231587.09
"2014/01/09",224784.01
"2014/01/10",218300.07
"2014/01/13",166558.38
"2014/01/14",81148.5
"2014/01/15",150561.12
"2014/01/16",210395.24
"2014/01/17",150448.47
"2014/01/20",136757.63
"2014/01/21",207955.83
"2014/01/22",197870.94
"2014/01/23",138369.92
"2014/01/24",172822.54
"2014/01/27",156527.69
"2014/01/28",193810.67
"2014/01/29",166738.47
"2014/01/30",203871.35
"2014/01/31",78516.12
"2014/02/03",164569.02
"2014/02/04",78425.3
"2014/02/05",145858.63
"2014/02/06",130948.11
"2014/02/07",136180.64
"2014/02/10",116724.23
"2014/02/11",130272.98
"2014/02/12",143926.62
"2014/02/13",163068.99
"2014/02/14",220596.24
"2014/02/17",145407.95
"2014/02/18",77506.68
"2014/02/19",111968.58
"2014/02/20",194722.31
"2014/02/21",111784.54
"2014/02/24",165746.15
"2014/02/25",228184.11
"2014/02/26",115650.03
"2014/02/27",190615.25
"2014/02/28",216193.18
"2014/03/03",176514.28
"2014/03/04",139039.89
"2014/03/05",226577.82
"2014/03/06",214995.4
"2014/03/07",67918.04
"2014/03/10",213775.56
"2014/03/11",178326.95
"2014/03/12",196165.09
"2014/03/13",245095.66
"2014/03/14",78990.29
"2014/03/17",194545.06
"2014/03/18",150936.82
"2014/03/19",136894.71
"2014/03/20",128524.19
"2014/03/21",74881.79
"2014/03/25",302106.48
"2014/03/26",188800.83
"2014/03/27",188465.25
"2014/03/28",88209.19
"2014/03/31",151508.37
"2014/04/01",95813.71
"2014/04/02",264357.7
"2014/04/03",159040.56
"2014/04/04",110594.28
"2014/04/07",160159.8
"2014/04/08",169846.07
"2014/04/09",131918.34
"2014/04/10",136207.26
"2014/04/11",110485.2
"2014/04/14",167010.92
"2014/04/15",108032.53
"2014/04/16",212704.05
"2014/04/21",317618.75
"2014/04/22",138537.03
"2014/04/23",169460.16
"2014/04/24",102005.17
"2014/04/25",108255.12
"2014/04/28",214533.19
"2014/04/29",129346.26
"2014/04/30",203136.53
"2014/05/02",487457.04
"2014/05/05",187985.04
"2014/05/06",116913.74
"2014/05/07",93392.22
"2014/05/08",99230.16
"2014/05/09",70833.68
"2014/05/12",199374.58
"2014/05/13",169036.88
"2014/05/14",147036.42
"2014/05/15",101222.93
"2014/05/16",55509.66
"2014/05/19",231997.45
"2014/05/20",198602.14
"2014/05/21",114847.69
"2014/05/22",83806.01
"2014/05/23",67860.06
"2014/05/26",321822.37
"2014/05/27",136132.81
"2014/05/28",244767.87
"2014/05/29",109176.78
"2014/05/30",74640.41
"2014/06/03",195390.05
"2014/06/04",152448.68
"2014/06/05",155762.13
"2014/06/06",86485.4
"2014/06/09",163774.71
"2014/06/10",120559.32
"2014/06/11",192024.06
"2014/06/12",186511.57
"2014/06/13",110735.81
"2014/06/16",199651.84
"2014/06/17",185324.76
"2014/06/18",186153.18
"2014/06/19",230083.9
"2014/06/20",111806.62
"2014/06/24",169251.5
"2014/06/25",188079.73
"2014/06/26",422358.11
"2014/06/27",199695.12
"2014/07/01",421242.04
"2014/07/02",350498.08
"2014/07/03",216375.69
"2014/07/04",190047.31
"2014/07/07",239255.65
"2014/07/08",156892.71
"2014/07/09",144198.35
"2014/07/10",229896.13
"2014/07/11",131931.42
"2014/07/14",204978.63
"2014/07/15",113185.5
"2014/07/16",266269.01
"2014/07/17",103071.35
"2014/07/18",85624.13
"2014/07/21",395369.95
"2014/07/22",157121.24
"2014/07/23",151661.29
"2014/07/24",126279.25
"2014/07/25",158691.52
"2014/07/28",235586.5
"2014/07/29",130380.71
"2014/07/30",191662.62
"2014/07/31",80208.78
"2014/08/01",60381.62
"2014/08/04",143555.63
"2014/08/05",114982.83
"2014/08/06",122854.55
"2014/08/08",142509.27
"2014/08/11",157528.51
"2014/08/12",172300.32
"2014/08/13",137147.75
"2014/08/14",162896.89
"2014/08/15",105852.66
"2014/08/19",313458.41
"2014/08/20",185518.87
"2014/08/21",146490.23
"2014/08/22",90048.29
"2014/08/25",172954.87
"2014/08/26",194486.23
"2014/08/27",200133.42
"2014/08/28",246971.58
"2014/08/29",116016.92
"2014/09/01",117590.62
"2014/09/02",100078.86
"2014/09/03",126351.31
"2014/09/04",118711.07
"2014/09/05",191120.27
"2014/09/08",159478.92
"2014/09/09",141215.63
"2014/09/10",140813.55
"2014/09/11",179346.52
"2014/09/12",262518.26
"2014/09/15",298110.51
"2014/09/16",152144.09
"2014/09/17",187354.94
"2014/09/18",133995.35
"2014/09/19",356019.09
"2014/09/22",217892.26
"2014/09/23",189635.3
"2014/09/24",183947.14
"2014/09/25",212851.87
"2014/09/26",225770.19
"2014/09/29",439447.81
"2014/09/30",154830.08
"2014/10/01",209908.29
"2014/10/02",336560.13
"2014/10/03",157375.52
"2014/10/06",259386.09
"2014/10/07",197100.03
"2014/10/08",163388.58
"2014/10/09",107146.83
"2014/10/10",124494.73
"2014/10/14",271353.36
"2014/10/15",151239.66
"2014/10/16",219194.88
"2014/10/17",158979.06
"2014/10/20",260848.45
"2014/10/21",452761.35
"2014/10/22",183427.4
"2014/10/23",188146.31
"2014/10/24",123480.4
"2014/10/27",233337.93
"2014/10/28",197294.32
"2014/10/29",147412.76
"2014/10/30",244861.53
"2014/10/31",120635.46
"2014/11/04",195424.82
"2014/11/05",128788.72
"2014/11/06",183987.58
"2014/11/07",104610.47
"2014/11/10",263904.64
"2014/11/11",168690.24
"2014/11/12",215096.45
"2014/11/13",200174.14
"2014/11/14",183062.03
"2014/11/18",206404.27
"2014/11/19",329932.35
"2014/11/20",146031.34
"2014/11/21",208659.98
"2014/11/24",195837.7
"2014/11/25",212415.36
"2014/11/26",261426.42
"2014/11/27",190889.3
"2014/11/28",160901.99
"2014/12/01",173037.77
"2014/12/02",115466.98
"2014/12/03",242551.9
"2014/12/04",133292.13
"2014/12/05",172052.14
"2014/12/09",308714.89
"2014/12/10",119197.86
"2014/12/11",225351.67
"2014/12/12",221558.88
"2014/12/15",202724.41
"2014/12/16",179533.7
"2014/12/17",277685.39
"2014/12/18",279522.45
"2014/12/19",171681.72
"2014/12/22",209974.79
"2014/12/23",117862.92
"2014/12/24",215903.15
"2014/12/26",253266.44
"2014/12/29",287442.69
"2014/12/30",192927.75
"2014/12/31",25833.55
"2015/01/02",352662.64
"2015/01/05",348141.52
"2015/01/06",218596.21
"2015/01/07",231042.9
"2015/01/08",153610.38
"2015/01/09",175952.16
"2015/01/13",544850.16
"2015/01/14",205231.12
"2015/01/15",326039.49
"2015/01/16",208708.08
"2015/01/19",229592.14
"2015/01/20",244345.21
"2015/01/21",393071.84
"2015/01/22",261495.41
"2015/01/23",228010.28
"2015/01/26",150090.22
"2015/01/27",237143.3
"2015/01/28",289887.19
"2015/01/29",143494.39
"2015/01/30",222753.88
"2015/02/02",228971.67
"2015/02/03",76650.98
"2015/02/04",175308.17
"2015/02/05",162801.57
"2015/02/06",138117.06
"2015/02/09",206725.05
"2015/02/10",165073.69
"2015/02/11",189961.98
"2015/02/12",313293.88
"2015/02/13",208987.35
"2015/02/16",194755.27
"2015/02/17",82929.04
"2015/02/18",144309.46
"2015/02/19",183983.67
"2015/02/20",148913.29
"2015/02/23",191004.48
"2015/02/24",165078.99
"2015/02/25",191844.35
"2015/02/26",302857.11
"2015/02/27",207069.46
"2015/03/02",416245.27
"2015/03/03",159356.15
"2015/03/04",187411.95
"2015/03/05",141144.86
"2015/03/06",72710.56
"2015/03/09",316370.66
"2015/03/10",196975.54
"2015/03/11",136298.38
"2015/03/12",285308.01
"2015/03/13",91139.05
"2015/03/16",401865.42
"2015/03/17",195043.88
"2015/03/18",220315.59
"2015/03/19",164450.06
"2015/03/20",96097.45
"2015/03/24",341928.1
"2015/03/25",97222.22
"2015/03/26",249090.17
"2015/03/27",91918.18
"2015/03/30",351576.85
"2015/03/31",104796.8
"2015/04/01",103132
"2015/04/06",694921.65
"2015/04/07",180789.65
"2015/04/08",210694.56
"2015/04/09",160333.43
"2015/04/10",90257.54
"2015/04/13",252001.36
"2015/04/14",173007.43
"2015/04/15",263613.93
"2015/04/16",243632.15
"2015/04/17",98336.29
"2015/04/20",352831.72
"2015/04/21",360935.9
"2015/04/22",227574.98
"2015/04/23",270990.39
"2015/04/24",172282.66
"2015/04/27",270984.09
"2015/04/28",270542.21
"2015/04/29",171676.43
"2015/04/30",213794.94
"2015/05/04",198809.63
"2015/05/05",163135.17
"2015/05/06",202615.87
"2015/05/07",87839.67
"2015/05/08",77041.99
"2015/05/11",290182.96
"2015/05/12",178596.25
"2015/05/13",311638.33
"2015/05/14",110649.39
"2015/05/15",72140.13
"2015/05/19",328435.96
"2015/05/20",176721.12
"2015/05/21",140560.49
"2015/05/22",65148.93
"2015/05/25",252780.59
"2015/05/26",207397.84
"2015/05/27",298528.25
"2015/05/28",129336.33
"2015/05/29",63655.42
"2015/06/01",161391.93
"2015/06/02",219677.44
"2015/06/03",164458.74
"2015/06/04",115373.64
"2015/06/05",120075.27
"2015/06/09",328968.12
"2015/06/10",151083.76
"2015/06/11",172481.04
"2015/06/12",189995.44
"2015/06/16",287461.04
"2015/06/17",215123.73
"2015/06/18",311582.69
"2015/06/19",109298.69
"2015/06/22",182221.63
"2015/06/23",101735.1
"2015/06/24",219620.35
"2015/06/25",100992.99
"2015/06/26",153501.64
"2015/06/30",280663.88
"2015/07/01",115875.42
"2015/07/02",178922.72
"2015/07/03",102911.05
"2015/07/06",466262.02
"2015/07/07",281232.42
"2015/07/08",187443.47
"2015/07/09",215740.59
"2015/07/10",148348.51
"2015/07/13",236594.47
"2015/07/14",303430.37
"2015/07/15",272124.97
"2015/07/16",264241.67
"2015/07/17",96257.88
"2015/07/21",528170.43
"2015/07/22",245647.28
"2015/07/23",236609.72
"2015/07/24",128320.93
"2015/07/27",254635.35
"2015/07/28",309754.2
"2015/07/29",196453.7
"2015/07/30",140413.9
"2015/07/31",83349.3
"2015/08/03",178432.67
"2015/08/04",119481.26
"2015/08/05",168811.5
"2015/08/06",152265.94
"2015/08/10",251518.58
"2015/08/11",251895.74
"2015/08/12",235363.62
"2015/08/13",224804.83
"2015/08/14",94310.78
"2015/08/18",206193.55
"2015/08/19",220449.18
"2015/08/20",180224.77
"2015/08/21",81683.21
"2015/08/24",169574.42
"2015/08/25",211674.69
"2015/08/26",335988.71
"2015/08/27",211937.65
"2015/08/28",114232.56
"2015/08/31",124602.44
"2015/09/01",107730.95
"2015/09/02",175976.76
"2015/09/03",140199.29
"2015/09/04",141097.15
"2015/09/07",281075.32
"2015/09/08",103601.33
"2015/09/09",173207.9
"2015/09/10",135748.24
"2015/09/11",138169.09
"2015/09/14",211322.09
"2015/09/15",131401.96
"2015/09/16",200975.95
"2015/09/17",171728.54
"2015/09/18",182393
"2015/09/21",181992.25
"2015/09/22",130527.97
"2015/09/23",128579.79
"2015/09/24",99486.92
"2015/09/25",92487.13
"2015/09/28",168083.87
"2015/09/29",78653.27
"2015/09/30",160282.95
"2015/10/01",71224.59
"2015/10/02",109182.14
"2015/10/05",190081.4
"2015/10/06",135268.66
"2015/10/07",125188.94
"2015/10/08",90500.13
"2015/10/09",114429.46
"2015/10/13",293603.71
"2015/10/14",158795.49
"2015/10/15",168531.94
"2015/10/16",110472.23
"2015/10/19",188718.71
"2015/10/20",91086.71
"2015/10/21",579349.1
"2015/10/22",176471.83
"2015/10/23",106913.83
"2015/10/26",187970.9
"2015/10/27",194853.39
"2015/10/28",190615.58
"2015/10/29",130607.97
"2015/10/30",129117.11
"2015/11/03",173764.84
"2015/11/04",138459.39
"2015/11/05",152548.14
"2015/11/06",112720.2
"2015/11/09",165405.66
"2015/11/10",147366.08
"2015/11/11",189219.65
"2015/11/12",214522.68
"2015/11/13",101807.14
"2015/11/17",176800.45
"2015/11/18",183883.92
"2015/11/19",190885.46
"2015/11/20",139611.3
"2015/11/23",185796.33
"2015/11/24",122615.65
"2015/11/25",155096.04
"2015/11/26",185577.25
"2015/11/27",138787.49
"2015/11/30",198356.55
"2015/12/01",147122.6
"2015/12/02",198946.71
"2015/12/03",182890.92
"2015/12/04",185536.5
"2015/12/07",237192.47
"2015/12/09",221591.57
"2015/12/10",190769.02
"2015/12/11",167808.57
"2015/12/14",226844.2
"2015/12/15",140582.89
"2015/12/16",215459.91
"2015/12/17",289385.36
"2015/12/18",164916.26
"2015/12/21",207228.85
"2015/12/22",175137.04
"2015/12/23",190738.22
"2015/12/24",90550.09
"2015/12/28",276245.33
"2015/12/29",166480.57
"2015/12/30",283821.38
"2015/12/31",4189.73
"2016/01/04",272005.08
"2016/01/05",210988.26
"2016/01/06",235384
"2016/01/07",145775.04
"2016/01/08",142419.04
"2016/01/12",224777.88
"2016/01/13",183772.76
"2016/01/14",212624.94
"2016/01/15",179306.11
"2016/01/18",308238.33
"2016/01/19",201129.18
"2016/01/20",148804.74
"2016/01/21",678004.47
"2016/01/22",211917.38
"2016/01/25",246229.96
"2016/01/26",157571.41
"2016/01/27",293391.74
"2016/01/28",173893.72
"2016/01/29",152799.15
"2016/02/01",188063.86
"2016/02/02",163182.14
"2016/02/03",213640.07
"2016/02/04",246222.13
"2016/02/05",222516.74
"2016/02/08",147860.93
"2016/02/09",126336.73
"2016/02/10",245549.95
"2016/02/11",214030.43
"2016/02/12",250035.54
"2016/02/15",187487.01
"2016/02/16",164187.25
"2016/02/17",121440.31
"2016/02/18",293157.15
"2016/02/19",292062.73
"2016/02/22",153808.72
"2016/02/23",261488.4
"2016/02/24",171693.47
"2016/02/25",201386
"2016/02/26",236155.57
"2016/02/29",207188.91
"2016/03/01",203573.04
"2016/03/02",190655.95
"2016/03/03",153821.93
"2016/03/04",158175.4
"2016/03/07",244856.18
"2016/03/08",125741.05
"2016/03/09",193340.41
"2016/03/10",132850.99
"2016/03/11",126453.83
"2016/03/14",222834.93
"2016/03/15",115065.83
"2016/03/16",235279.27
"2016/03/17",232154.24
"2016/03/18",192542.98
"2016/03/22",358897.56
"2016/03/23",190513
"2016/03/28",434770.57
"2016/03/29",189068.61
"2016/03/30",297974.98
"2016/03/31",113566.04
"2016/04/01",204396.95
"2016/04/04",155506.88
"2016/04/05",167470.52
"2016/04/06",191415.73
"2016/04/07",144478.02
"2016/04/08",184601.18
"2016/04/11",186353.88
"2016/04/12",137035.14
"2016/04/13",253977.43
"2016/04/14",146650.59
"2016/04/15",164801.56
"2016/04/18",372938.86
"2016/04/19",175601.33
"2016/04/20",114291.41
"2016/04/21",558490.83
"2016/04/22",155814.69
"2016/04/25",281388.54
"2016/04/26",165498.41
"2016/04/27",161989.01
"2016/04/28",176598.49
"2016/04/29",156197.33
"2016/05/02",179688.94
"2016/05/03",151392.05
"2016/05/04",225539.72
"2016/05/05",222619.36
"2016/05/06",95565.44
"2016/05/10",379971.42
"2016/05/11",197828.98
"2016/05/12",267888.27
"2016/05/13",85787.08
"2016/05/16",201808.89
"2016/05/17",134133.74
"2016/05/18",294034.71
"2016/05/19",440090.35
"2016/05/20",104261.57
"2016/05/23",269691.56
"2016/05/24",203081.42
"2016/05/25",276436.02
"2016/05/26",197714.05
"2016/05/27",107385.33
"2016/05/31",278948.53
"2016/06/01",289916.97
"2016/06/02",231877.27
"2016/06/03",142728.63
"2016/06/07",302027.04
"2016/06/08",132786.76
"2016/06/09",187392.11
"2016/06/10",122238.37
"2016/06/13",188951.22
"2016/06/14",238537.26
"2016/06/15",179554.5
"2016/06/16",210467.25
"2016/06/17",150417.97
"2016/06/20",296511.78
"2016/06/21",122749.45
"2016/06/22",194043.34
"2016/06/23",137117.65
"2016/06/24",95762.48
"2016/06/27",149608.38
"2016/06/28",195765.16
"2016/06/29",148704.48
"2016/06/30",204014.54
"2016/07/01",280133.04
"2016/07/05",282393.21
"2016/07/06",174509.18
"2016/07/07",198855.08
"2016/07/08",130405.4
"2016/07/11",248473.23
"2016/07/12",153907.73
"2016/07/13",256492.18
"2016/07/14",143847.73
"2016/07/15",128378.37
"2016/07/18",435810.83
"2016/07/19",187612.17
"2016/07/21",612804.32
"2016/07/22",139547.45
"2016/07/25",321925.5
"2016/07/26",388274.73
"2016/07/27",155842.3
"2016/07/28",184941.09
"2016/07/29",122846.18
"2016/08/01",340439.99
"2016/08/02",161209.72
"2016/08/03",156929.52
"2016/08/04",187885.91
"2016/08/05",107923.96
"2016/08/08",194647.57
"2016/08/09",154760.69
"2016/08/10",220984.8
"2016/08/11",188769.09
"2016/08/12",224203.53
"2016/08/16",252051.56
"2016/08/17",139285.73
"2016/08/18",225549.88
"2016/08/19",190692.7
"2016/08/22",197075.64
"2016/08/23",202368.25
"2016/08/24",209167.03
"2016/08/25",158793.2
"2016/08/26",145904.75
"2016/08/29",190749.37
"2016/08/30",152131.07
"2016/08/31",145924.81
"2016/09/01",259763.4
"2016/09/02",177610.45
"2016/09/05",241623.05
"2016/09/06",144074.71
"2016/09/07",271996.46
"2016/09/08",131462.6
"2016/09/09",146201.58
"2016/09/12",215331.44
"2016/09/13",139322.28
"2016/09/14",225810.61
"2016/09/15",192427.36
"2016/09/16",213451.71
"2016/09/19",289786.68
"2016/09/20",224777.9
"2016/09/21",136593
"2016/09/22",128856.71
"2016/09/23",161077.91
"2016/09/26",229055.98
"2016/09/27",320882.53
"2016/09/28",187686.19
"2016/09/29",136100
"2016/09/30",203427.2
"2016/10/03",240504.12
"2016/10/04",118754.54
"2016/10/05",179302.41
"2016/10/06",178041.19
"2016/10/07",114702.82
"2016/10/10",227168.3
"2016/10/11",156117.36
"2016/10/12",129335.82
"2016/10/13",184183.53
"2016/10/14",107205.28
"2016/10/18",335937.71
"2016/10/19",173601.83
"2016/10/20",167712.23
"2016/10/21",396937.7
"2016/10/24",206761.37
"2016/10/25",157699.94
"2016/10/26",195534.63
"2016/10/27",258458.77
"2016/10/28",109269.53
"2016/10/31",193735.23
"2016/11/01",220305.04
"2016/11/02",131314.78
"2016/11/03",107127.92
"2016/11/04",136678.1
"2016/11/08",354337.1
"2016/11/09",176370.17
"2016/11/10",194053.35
"2016/11/11",122608.5
"2016/11/15",357277.09
"2016/11/16",155652.58
"2016/11/17",201602.5
"2016/11/18",117520.34
"2016/11/21",244032.71
"2016/11/22",131102.58
"2016/11/23",186576.54
"2016/11/24",153922.05
"2016/11/25",115660.85
"2016/11/28",286214.18
"2016/11/29",122080.12
"2016/11/30",164228.8
"2016/12/01",208430.29
"2016/12/02",194326.2
"2016/12/05",219855.08
"2016/12/06",100294.2
"2016/12/07",256946.3
"2016/12/09",220132.52
"2016/12/12",175021.82
"2016/12/13",183208.52
"2016/12/14",205186.33
"2016/12/15",210314.13
"2016/12/16",168219.12
"2016/12/19",194179.32
"2016/12/20",120094.81
"2016/12/21",213038.4
"2016/12/22",187906.48
"2016/12/23",153373.41
"2016/12/26",163821.67
"2016/12/27",158819.51
"2016/12/28",236274.69
"2016/12/29",193740.91
"2016/12/30",46664.03
"2017/01/02",228590.07
"2017/01/03",208748.77
"2017/01/04",146847.02
"2017/01/05",131115.05
"2017/01/06",148275.53
"2017/01/10",290564.6
"2017/01/11",205392.86
"2017/01/12",177674.91
"2017/01/13",125502.89
"2017/01/16",182959.65
"2017/01/17",133838.41
"2017/01/18",236623.1
"2017/01/19",160227.25
"2017/01/20",113764.32
"2017/01/23",462812.78
"2017/01/24",150241.82
"2017/01/25",180697.61
"2017/01/26",219074.52
"2017/01/27",174964.73
"2017/01/30",242888.57
"2017/01/31",146262.72
"2017/02/01",156034.5
"2017/02/02",155740.57
"2017/02/03",178178.57
"2017/02/06",200646.39
"2017/02/07",94497.09
"2017/02/08",193681.37
"2017/02/09",109375.18
"2017/02/10",172437.92
"2017/02/13",209441.07
"2017/02/14",101747.25
"2017/02/15",205312.16
"2017/02/16",144243.28
"2017/02/17",157104.76
"2017/02/20",233587.13
"2017/02/21",112983.72
"2017/02/22",142017.57
"2017/02/23",151782.23
"2017/02/24",182859.58
"2017/02/27",203548.52
"2017/02/28",199182.88
"2017/03/01",271435.51
"2017/03/02",198153.25
"2017/03/03",163095.57
"2017/03/06",280595.59
"2017/03/07",187476.47
"2017/03/08",134026.88
"2017/03/09",171220.96
"2017/03/10",131329.37
"2017/03/13",255973.93
"2017/03/14",222243
"2017/03/15",191481.53
"2017/03/16",254013.54
"2017/03/17",85300.16
"2017/03/21",355735.34
"2017/03/22",213267.52
"2017/03/23",202425.02
"2017/03/24",96469.25
"2017/03/27",229778.67
"2017/03/28",220923.51
"2017/03/29",193449.22
"2017/03/30",111740.87
"2017/03/31",79555.67
"2017/04/03",227118.73
"2017/04/04",134904.46
"2017/04/05",150392.77
"2017/04/06",175330.06
"2017/04/07",116694.42
"2017/04/10",204264.49
"2017/04/11",193087.98
"2017/04/12",163689.57
"2017/04/17",344356.33
"2017/04/18",218480.95
"2017/04/19",257970.07
"2017/04/20",126650.64
"2017/04/21",103364.13
"2017/04/24",514121.75
"2017/04/25",185986.96
"2017/04/26",197171.65
"2017/04/27",149574.15
"2017/04/28",131760.27
"2017/05/02",603433.15
"2017/05/03",204745.44
"2017/05/04",174377.99
"2017/05/05",87461.46
"2017/05/08",364799.19
"2017/05/09",140249.58
"2017/05/10",162616.71
"2017/05/11",119278.57
"2017/05/12",82047.88
"2017/05/15",400889.47
"2017/05/16",209429.68
"2017/05/17",129865.27
"2017/05/18",111732.25
"2017/05/19",97824.24
"2017/05/22",363403.59
"2017/05/23",174858.53
"2017/05/24",192903.14
"2017/05/25",96118.2
"2017/05/26",76799.65
"2017/05/30",413903.7
"2017/05/31",114540.09
"2017/06/01",264342.87
"2017/06/02",144913.61
"2017/06/05",281541.16
"2017/06/06",155110.85
"2017/06/07",203366.49
"2017/06/08",111830.85
"2017/06/09",112007.38
"2017/06/12",205239.23
"2017/06/13",215831.49
"2017/06/14",235173.86
"2017/06/15",159677.77
"2017/06/16",191848.18
"2017/06/20",217937.04
"2017/06/21",166691.42
"2017/06/22",235630.96
"2017/06/23",120671.05
"2017/06/27",257631.7
"2017/06/28",203195.35
"2017/06/29",179710.4
"2017/06/30",141242.11
"2017/07/04",319734.89
"2017/07/05",169796.73
"2017/07/06",185220.71
"2017/07/07",125280.01
"2017/07/10",238124.06
"2017/07/11",157150.82
"2017/07/12",153175.83
"2017/07/13",173580.87
"2017/07/14",74350.53
"2017/07/17",283839.96
"2017/07/18",200182.06
"2017/07/19",194637.83
"2017/07/21",149952.81
"2017/07/24",491087
"2017/07/25",182728.1
"2017/07/26",214353.05
"2017/07/27",168483.13
"2017/07/28",124087.14
"2017/07/31",136146.8
"2017/08/01",109718.44
"2017/08/02",374813.65
"2017/08/03",131615.35
"2017/08/04",110546.25
"2017/08/08",335670.46
"2017/08/09",178337.81
"2017/08/10",177694.96
"2017/08/11",98468.8
"2017/08/14",200282.27
"2017/08/15",209675.03
"2017/08/16",202098.19
"2017/08/17",146196.07
"2017/08/18",92900.75
"2017/08/22",419128.21
"2017/08/23",195556.58
"2017/08/24",178253.81
"2017/08/25",104002.83
"2017/08/28",170065.12
"2017/08/29",278076.19
"2017/08/30",253390.93
"2017/08/31",110734.13
"2017/09/01",190491.65
"2017/09/04",267271.41
"2017/09/05",222165.36
"2017/09/06",168399.26
"2017/09/07",132943.54
"2017/09/08",111441.98
"2017/09/11",258577.81
"2017/09/12",122909.52
"2017/09/13",214466.57
"2017/09/14",191190.13
"2017/09/15",223180.37
"2017/09/18",245081.32
"2017/09/19",97962.71
"2017/09/20",166681.89
"2017/09/21",197391.13
"2017/09/22",316289.07
"2017/09/25",154023.94
"2017/09/26",89258.78
"2017/09/27",150080.99
"2017/09/28",167297.51
"2017/09/29",156932.85
"2017/10/02",200727.63
"2017/10/03",97350.87
"2017/10/04",162157.22
"2017/10/05",146065.72
"2017/10/06",113137.47
"2017/10/09",200736.55
"2017/10/10",132060.32
"2017/10/11",130885.24
"2017/10/12",138232.71
"2017/10/13",95961.77
"2017/10/17",304417.24
"2017/10/18",215862.84
"2017/10/19",158339.22
"2017/10/20",104391.58
"2017/10/23",182033.49
"2017/10/24",424967.33
"2017/10/25",178486.35
"2017/10/26",219153.11
"2017/10/27",153770.11
"2017/10/30",189595.08
"2017/10/31",86399.63
"2017/11/01",113731.93
"2017/11/02",328427.43
"2017/11/03",104353.94
"2017/11/07",210654.98
"2017/11/08",222524.51
"2017/11/09",159627.47
"2017/11/10",153595.72
"2017/11/14",275763.35
"2017/11/15",235522.3
"2017/11/16",199803.13
"2017/11/17",109656.9
"2017/11/20",229621.82
"2017/11/21",89764.63
"2017/11/22",221136.23
"2017/11/23",160899.58
"2017/11/24",126615.65
"2017/11/27",212861.95
"2017/11/28",138677.8
"2017/11/29",96109.63
"2017/11/30",209489.41
"2017/12/01",458412.07
"2017/12/04",179802.99
"2017/12/05",254574.15
"2017/12/06",161140.41
"2017/12/07",183559.83
"2017/12/11",219037.31
"2017/12/12",147481.77
"2017/12/13",244069.5
"2017/12/14",281387.34
"2017/12/15",254566.91
"2017/12/18",191182.32
"2017/12/19",98725.46
"2017/12/20",156364.18
"2017/12/21",187003.45
"2017/12/22",389999.15
"2017/12/26",269994.6
"2017/12/27",201477.62
"2017/12/28",276808.02
"2017/12/29",6393.58
"2018/01/02",332722.29
"2018/01/03",136809.64
"2018/01/04",204953.77
"2018/01/05",170689.89
"2018/01/09",298927.22
"2018/01/10",190416.46
"2018/01/11",202143.88
"2018/01/12",232632.03
"2018/01/15",143332.12
"2018/01/16",87626.18
"2018/01/17",170211.62
"2018/01/18",256038.45
"2018/01/19",182263.49
"2018/01/22",162967.34
"2018/01/23",171166.16
"2018/01/24",487138.59
"2018/01/25",206753.22
"2018/01/26",199810.1
"2018/01/29",178032.3
"2018/01/30",146715.94
"2018/01/31",105787.74
"2018/02/01",84515.43
"2018/02/02",334144.11
"2018/02/05",172094.02
"2018/02/06",112900.53
"2018/02/07",172009.47
"2018/02/08",196828.28
"2018/02/09",155311.17
"2018/02/12",180950.94
"2018/02/13",67882.09
"2018/02/14",154160.11
"2018/02/15",192610.33
"2018/02/16",205209.16
"2018/02/19",168583.89
"2018/02/20",156697.82
"2018/02/21",183814.77
"2018/02/22",252419.84
"2018/02/23",174601.95
"2018/02/26",183410.5
"2018/02/27",143385.97
"2018/02/28",306836.99
"2018/03/01",595657.41
"2018/03/02",112051.07
"2018/03/05",408804.66
"2018/03/06",169805.33
"2018/03/07",205120.7
"2018/03/08",99767.17
"2018/03/09",135333.77
"2018/03/12",264916.98
"2018/03/13",248371.66
"2018/03/14",251555.04
"2018/03/15",305379.78
"2018/03/16",105063.37
"2018/03/20",381465.36
"2018/03/21",217369.22
"2018/03/22",418981.31
"2018/03/23",103867.11
"2018/03/26",200285.84
"2018/03/27",190225.78
"2018/03/28",219522.02
"2018/04/02",287841.68
"2018/04/03",173704.18
"2018/04/04",215865.8
"2018/04/05",157803.4
"2018/04/06",120889.12
"2018/04/09",237246.57
"2018/04/10",184934.86
"2018/04/11",206833.77
"2018/04/12",159901.81
"2018/04/13",119489.33
"2018/04/16",245104.7
"2018/04/17",281014.37
"2018/04/18",358876.15
"2018/04/19",178797.59
"2018/04/20",97696.01
"2018/04/23",230855.31
"2018/04/24",254549.15
"2018/04/25",183755.8
"2018/04/26",180612.81
"2018/04/27",116522.53
"2018/04/30",298328.48
"2018/05/02",435463.12
"2018/05/03",174667.65
"2018/05/04",112604.25
"2018/05/07",204144.74
"2018/05/08",231524.39
"2018/05/09",182583.35
"2018/05/10",126916.82
"2018/05/11",94047.45
"2018/05/15",387671.41
"2018/05/16",185469.13
"2018/05/17",201800.15
"2018/05/18",93228.98
"2018/05/21",262329.99
"2018/05/22",198676.93
"2018/05/23",194377.49
"2018/05/24",131770.35
"2018/05/25",254134.14
"2018/05/28",339976.81
"2018/05/29",151824.38
"2018/05/30",147978.67
"2018/05/31",84748.36
"2018/06/01",139524
"2018/06/05",351526.62
"2018/06/06",216664.95
"2018/06/07",235768.6
"2018/06/08",159011.2
"2018/06/12",339807.17
"2018/06/13",260776.01
"2018/06/14",196400.98
"2018/06/15",133189.73
"2018/06/18",184843.13
"2018/06/19",85759.31
"2018/06/20",242139.52
"2018/06/21",154068.89
"2018/06/22",160257.43
"2018/06/25",238455.75
"2018/06/26",195288.39
"2018/06/27",177703.51
"2018/06/28",203839.62
"2018/06/29",125261.13
"2018/07/03",398172.71
"2018/07/04",198244.53
"2018/07/05",223383.77
"2018/07/06",114244.64
"2018/07/09",234782.75
"2018/07/10",200207.24
"2018/07/11",166069.68
"2018/07/12",168209.57
"2018/07/13",109071.32
"2018/07/16",303090.59
"2018/07/17",254660.22
"2018/07/18",283750.7
"2018/07/19",199171.95
"2018/07/23",292565.92
"2018/07/24",273710.09
"2018/07/25",199588.51
"2018/07/26",272930.53
"2018/07/27",109578.29
"2018/07/30",276248.49
"2018/07/31",123831.6
"2018/08/01",124361.62
"2018/08/02",350289.65
"2018/08/03",149519.53
"2018/08/06",184574.65
"2018/08/08",393158.4
"2018/08/09",258903.9
"2018/08/10",179125.36
"2018/08/13",217887.23
"2018/08/14",141434.57
"2018/08/15",283283.14
"2018/08/16",207600.11
"2018/08/17",126038.78
"2018/08/21",305388.48
"2018/08/22",213984.55
"2018/08/23",304108.72
"2018/08/24",215393.22
"2018/08/27",165425.96
"2018/08/28",308729.86
"2018/08/29",190750.29
"2018/08/30",167305.69
"2018/08/31",115978.78
"2018/09/03",584389.31
"2018/09/04",97550.57
"2018/09/05",259331.53
"2018/09/06",224333.26
"2018/09/07",302950
"2018/09/10",258917.92
"2018/09/11",166298.85
"2018/09/12",271815.39
"2018/09/13",201339.08
"2018/09/14",214072.57
"2018/09/17",363050.69
"2018/09/18",239198.45
"2018/09/19",136145.81
"2018/09/20",260508.62
"2018/09/21",191443.43
"2018/09/24",452685.31
"2018/09/25",91867.05
"2018/09/26",160308.8
"2018/09/27",131268.59
"2018/09/28",202539.72
"2018/10/01",157156.58
"2018/10/02",135247.93
"2018/10/03",278574.62
"2018/10/04",164063.57
"2018/10/05",135461.41
"2018/10/08",182480.38
"2018/10/09",169480.24
"2018/10/10",172344.37
"2018/10/11",128849.02
"2018/10/12",118619.39
"2018/10/16",333036.71
"2018/10/17",281987.48
"2018/10/18",294380.25
"2018/10/19",116003.89
"2018/10/22",177703.71
"2018/10/23",156448.22
"2018/10/24",246087.36
"2018/10/25",142301.04
"2018/10/26",133073.85
"2018/10/29",170656.47
"2018/10/30",230775.75
"2018/10/31",120947.59
"2018/11/01",107793.99
"2018/11/02",125032.38
"2018/11/06",285325.24
"2018/11/07",115716.62
"2018/11/08",264796.07
"2018/11/09",143482.22
"2018/11/13",432702.22
"2018/11/14",159807.48
"2018/11/15",316239.73
"2018/11/16",155334.4
"2018/11/19",197229.67
"2018/11/20",98774.88
"2018/11/21",186000.47
"2018/11/22",184529.54
"2018/11/23",125779.16
"2018/11/26",232656.75
"2018/11/27",128374.92
"2018/11/28",283607.3
"2018/11/29",87406.39
"2018/11/30",161854.93
"2018/12/03",358910.02
"2018/12/04",181677.63
"2018/12/05",253335.7
"2018/12/06",188248.07
"2018/12/07",318976.33
"2018/12/10",134584.4
"2018/12/11",166966.44
"2018/12/12",252322.64
"2018/12/13",217383.28
"2018/12/14",194772.98
"2018/12/17",187060.97
"2018/12/18",174167.09
"2018/12/19",240910.63
"2018/12/20",226203.05
"2018/12/21",236500.53
"2018/12/24",151730.77
"2018/12/26",349070.19
"2018/12/27",251777.12
"2018/12/28",252026.45
"2018/12/31",27719.8
"2019/01/02",209604.84
"2019/01/03",309686.25
"2019/01/04",237697.62
"2019/01/08",314245.15
"2019/01/09",207395.74
"2019/01/10",326529.18
"2019/01/11",217033.35
"2019/01/14",192138.68
"2019/01/15",103212.71
"2019/01/16",174635.38
"2019/01/17",229892.42
"2019/01/18",201877.13
"2019/01/21",169618.02
"2019/01/22",254852.14
"2019/01/23",208796.7
"2019/01/24",224127.12
"2019/01/25",188325.16
"2019/01/28",186821.22
"2019/01/29",133604.21
"2019/01/30",207422.64
"2019/01/31",116315.48
"2019/02/01",144793.62
"2019/02/04",169152.56
"2019/02/05",149231.67
"2019/02/06",243901.74
"2019/02/07",99776.6
"2019/02/08",214341.24
"2019/02/11",173970.51
"2019/02/12",100550.97
"2019/02/13",221489.71
"2019/02/14",187426.63
"2019/02/15",222959.28
"2019/02/18",185249.66
"2019/02/19",114586.59
"2019/02/20",123451.27
"2019/02/21",183392.29
"2019/02/22",294003.08
"2019/02/25",184599.61
"2019/02/26",137397.91
"2019/02/27",376367.93
"2019/02/28",354444.51
"2019/03/01",171296.89
"2019/03/04",509847.8
"2019/03/05",299159.91
"2019/03/06",237048.48
"2019/03/07",202536.63
"2019/03/08",108964.14
"2019/03/11",234012.47
"2019/03/12",196352.65
"2019/03/13",227256.28
"2019/03/14",171311.05
"2019/03/15",146687.3
"2019/03/18",291646.86
"2019/03/19",141211.92
"2019/03/20",207275.79
"2019/03/21",187676.33
"2019/03/22",113306.54
"2019/03/26",449682.98
"2019/03/27",233351.77
"2019/03/28",240572.91
"2019/03/29",183917.75
"2019/04/01",144035.89
"2019/04/02",181402.98
"2019/04/03",382212.31
"2019/04/04",187468.57
"2019/04/05",185172.03
"2019/04/08",249809.78
"2019/04/09",180158.74
"2019/04/10",220154.15
"2019/04/11",164630.89
"2019/04/12",151124.28
"2019/04/15",248747.3
"2019/04/16",190036.45
"2019/04/17",188541.95
"2019/04/22",430690.66
"2019/04/23",179449.98
"2019/04/24",365655.66
"2019/04/25",204880.92
"2019/04/26",118016.2
"2019/04/29",273539.22
"2019/04/30",233469.21
"2019/05/02",208095.32
"2019/05/03",128133.07
"2019/05/06",496950.1
"2019/05/07",168783.36
"2019/05/08",217411.58
"2019/05/09",140209.09
"2019/05/10",80119.45
"2019/05/13",291058.49
"2019/05/14",152899.26
"2019/05/15",236457.49
"2019/05/16",221367.81
"2019/05/17",88584.9
"2019/05/20",284804.07
"2019/05/21",141441.45
"2019/05/22",214749.76
"2019/05/23",141419.67
"2019/05/24",96657.09
"2019/05/27",318476.49
"2019/05/28",286568.51
"2019/05/29",129839.76
"2019/05/30",115755.23
"2019/05/31",113337.35
"2019/06/04",647085.09
"2019/06/05",224864.62
"2019/06/06",208731.54
"2019/06/07",134092.12
"2019/06/10",182762.07
"2019/06/11",142046.86
"2019/06/12",193093.67
"2019/06/13",186382.95
"2019/06/14",121633.23
"2019/06/17",166707.25
"2019/06/18",149533.44
"2019/06/19",150090.85
"2019/06/20",181830.58
"2019/06/21",135175.64
"2019/06/25",214759.9
"2019/06/26",332415.04
"2019/06/27",256424.17
"2019/06/28",148945.39
"2019/07/02",276760.5
"2019/07/03",190982.98
"2019/07/04",225826.62
"2019/07/05",140949.06
"2019/07/08",220260.38
"2019/07/09",151152.87
"2019/07/10",254078.37
"2019/07/11",172873.66
"2019/07/12",122161.75
"2019/07/15",230050.06
"2019/07/16",195578.88
"2019/07/17",219777.69
"2019/07/18",95504.5
"2019/07/19",69567.47
"2019/07/22",298772.05
"2019/07/23",286073.03
"2019/07/24",250804.2
"2019/07/25",157044.81
"2019/07/26",115558.81
"2019/07/29",283573.15
"2019/07/30",305969.71
"2019/07/31",130113.45
"2019/08/01",93266.2
"2019/08/02",103021.12
"2019/08/05",160095.53
"2019/08/06",370535.61
"2019/08/08",317636.07
"2019/08/09",105616.79
"2019/08/12",229637.54
"2019/08/13",204009.16
"2019/08/14",144011.01
"2019/08/15",210747.9
"2019/08/16",127220.79
"2019/08/20",269459.57
"2019/08/21",145612.42
"2019/08/22",195969.27
"2019/08/23",98517.07
"2019/08/26",197252.74
"2019/08/27",182012.04
"2019/08/28",247623.42
"2019/08/29",145000.69
"2019/08/30",107938.49
"2019/09/02",172467.37
"2019/09/03",83057.53
"2019/09/04",349322.86
"2019/09/05",171245.24
"2019/09/06",273960.17
"2019/09/09",274150.76
"2019/09/10",154920.7
"2019/09/11",175180.49
"2019/09/12",184834.13
"2019/09/13",215308.4
"2019/09/16",218004.19
"2019/09/17",131588.25
"2019/09/18",140556.46
"2019/09/19",122351.45
"2019/09/20",184359.16
"2019/09/23",222736.71
"2019/09/24",143868.97
"2019/09/25",165076.59
"2019/09/26",285386.68
"2019/09/27",165814.73
"2019/09/30",225310.04
"2019/10/01",72954.25
"2019/10/02",120698.9
"2019/10/03",220329.22
"2019/10/04",113675.81
"2019/10/07",285702.29
"2019/10/08",192420.67
"2019/10/09",125235.57
"2019/10/10",126904.5
"2019/10/11",115435.91
"2019/10/15",328974.97
"2019/10/16",133930.59
"2019/10/17",178028.76
"2019/10/18",93565.84
"2019/10/21",238175.06
"2019/10/22",193837.42
"2019/10/23",226622.65
"2019/10/24",211629.87
"2019/10/25",99650.6
"2019/10/28",171914.2
"2019/10/29",141778.89
"2019/10/30",181243.78
"2019/10/31",92258.89
"2019/11/01",78183.43
"2019/11/05",224577.64
"2019/11/06",182372.37
"2019/11/07",121124.52
"2019/11/08",160425.02
"2019/11/12",254048.16
"2019/11/13",203507.53
"2019/11/14",183293.98
"2019/11/15",96210.45
"2019/11/18",183713.58
"2019/11/19",80165.54
"2019/11/20",291732.91
"2019/11/21",106559.93
"2019/11/22",112761.51
"2019/11/25",193016.19
"2019/11/26",131516.61
"2019/11/27",182100.1
"2019/11/28",213053.37
"2019/11/29",118386.12
"2019/12/02",253972.72
"2019/12/03",123000.5
"2019/12/04",527403.53
"2019/12/05",249435.77
"2019/12/06",177886.78
"2019/12/09",249032.14
"2019/12/10",144866.99
"2019/12/11",161301.5
"2019/12/12",232105.49
"2019/12/13",247062.88
"2019/12/16",220271.65
"2019/12/17",117236.82
"2019/12/18",149715.5
"2019/12/19",155247.93
"2019/12/20",208897.14
"2019/12/23",199397.59
"2019/12/24",90628.17
"2019/12/26",276304.38
"2019/12/27",225272.23
"2019/12/30",276262.15
"2019/12/31",11191.28
"2020/01/02",205887.18
"2020/01/03",190898.86
"2020/01/07",280146.48
"2020/01/08",273679.66
"2020/01/09",127079.7
"2020/01/10",129965.76
"2020/01/13",213736.7
"2020/01/14",95339.02
"2020/01/15",176260.29
"2020/01/16",128754.67
"2020/01/17",189983.83
"2020/01/20",227980.64
"2020/01/21",188264.52
"2020/01/22",207411.64
"2020/01/23",215964.79
"2020/01/24",227460.01
"2020/01/27",236537.81
"2020/01/28",127385.66
"2020/01/29",166335.46
"2020/01/30",157774.28
"2020/01/31",100000.96
"2020/02/03",141647.34
"2020/02/04",112314.44
"2020/02/05",130163.11
"2020/02/06",198191.98
"2020/02/07",104583.51
"2020/02/10",230717.6
"2020/02/11",131193.42
"2020/02/12",140599.57
"2020/02/13",174991.08
"2020/02/14",136746.13
"2020/02/17",167943.42
"2020/02/18",102978.29
"2020/02/19",99746.4
"2020/02/20",336064.46
"2020/02/21",132912.13
"2020/02/24",165656.65
"2020/02/25",124824.23
"2020/02/26",138889.51
"2020/02/27",155875.65
"2020/02/28",225164.79
"2020/03/02",304437.11
"2020/03/03",317075.25
"2020/03/04",212201.19
"2020/03/05",187573.98
"2020/03/06",208794.65
"2020/03/09",236693.02
"2020/03/10",138022.63
"2020/03/11",189347.73
"2020/03/12",396805.46
"2020/03/13",328710.59
"2020/03/16",427602.79
"2020/03/17",304977.03
"2020/03/18",355953.63
"2020/03/19",354737.72
"2020/03/20",187185.64
"2020/03/24",362711.5
"2020/03/25",155365.08
"2020/03/26",237535.13
"2020/03/27",148196.75
"2020/03/30",244039.84
"2020/03/31",98994.44
"2020/04/01",195588.76
"2020/04/02",167920.62
"2020/04/03",153191.59
"2020/04/06",209369.54
"2020/04/07",163560.33
"2020/04/08",294196.75
"2020/04/13",393527.18
"2020/04/14",165807.66
"2020/04/15",230392.9
"2020/04/16",200294.14
"2020/04/17",217395.77
"2020/04/20",203009.81
"2020/04/21",195299.2
"2020/04/22",326576.72
"2020/04/23",250389.95
"2020/04/24",249744.58
"2020/04/27",300700.55
"2020/04/28",142300.28
"2020/04/29",199760.01
"2020/04/30",217305.36
"2020/05/04",306722.35
"2020/05/05",241776.09
"2020/05/06",320231.46
"2020/05/07",144851.99
"2020/05/08",145096.42
"2020/05/11",443363.92
"2020/05/12",197916.39
"2020/05/13",245627.52
"2020/05/14",192334.32
"2020/05/15",179069.71
"2020/05/18",292858.32
"2020/05/19",148946.37
"2020/05/20",173116.23
"2020/05/21",160251.46
"2020/05/22",276649.99
"2020/05/26",352206.17
"2020/05/27",173282.34
"2020/05/28",274631.64
"2020/05/29",150268.98
"2020/06/01",151460.08
"2020/06/02",211242.51
"2020/06/03",190294.79
"2020/06/04",261365.39
"2020/06/05",182498.07
"2020/06/08",262182.84
"2020/06/09",186439.62
"2020/06/10",294716.75
"2020/06/11",267119.39
"2020/06/12",262952.91
"2020/06/16",462009.27
"2020/06/17",302170.99
"2020/06/18",307957.31
"2020/06/19",263336.53
"2020/06/23",396508.23
"2020/06/24",276550.15
"2020/06/25",263038.14
"2020/06/26",239254.63
"2020/06/30",514972.32
"2020/07/01",164677.12
"2020/07/02",214286.51
"2020/07/03",132817.81
"2020/07/06",221422.92
"2020/07/07",224550.53
"2020/07/08",217821.05
"2020/07/09",244800.42
"2020/07/10",158478.77
"2020/07/13",299921.44
"2020/07/14",201146.98
"2020/07/15",291373.14
"2020/07/16",196460.91
"2020/07/17",165772.47
"2020/07/21",440856.47
"2020/07/22",307044.11
"2020/07/23",327253.01
"2020/07/24",171431.02
"2020/07/27",257773.24
"2020/07/28",144875.32
"2020/07/29",210317.81
"2020/07/30",217473.69
"2020/07/31",103924.51
"2020/08/03",202623.94
"2020/08/04",137496.49
"2020/08/05",145360.83
"2020/08/06",245248.53
"2020/08/10",296088.87
"2020/08/11",210838.23
"2020/08/12",189370.67
"2020/08/13",240835.86
"2020/08/14",119946.36
"2020/08/18",328521.46
"2020/08/19",151788.23
"2020/08/20",195062.65
"2020/08/21",142465.12
"2020/08/24",336982.5
"2020/08/25",106455.99
"2020/08/26",198685.27
"2020/08/27",184420.7
"2020/08/28",180525.72
"2020/08/31",198486.2
"2020/09/01",121712.54
"2020/09/02",218841.71
"2020/09/03",167123.18
"2020/09/04",283667.18
"2020/09/07",315875.84
"2020/09/08",142187.94
"2020/09/09",205091.37
"2020/09/10",226644.02
"2020/09/11",147711.08
"2020/09/14",334144.63
"2020/09/15",125311.09
"2020/09/16",250422.92
"2020/09/17",232824.1
"2020/09/18",212091.9
"2020/09/21",324110.98
"2020/09/22",206562.7
"2020/09/23",171217.22
"2020/09/24",215549.53
"2020/09/25",143172.48
"2020/09/28",333200.57
"2020/09/29",119509.35
"2020/09/30",211075.33
"2020/10/01",115528.22
"2020/10/02",109655.72
"2020/10/05",228011.64
"2020/10/06",163195.55
"2020/10/07",143726.28
"2020/10/08",142940.94
"2020/10/09",121797.26
"2020/10/13",314655.56
"2020/10/14",155925.52
"2020/10/15",186166.24
"2020/10/16",131203.51
"2020/10/19",273148.08
"2020/10/20",264480.9
"2020/10/21",156804.66
"2020/10/22",181829.16
"2020/10/23",133376.43
"2020/10/26",277832.28
"2020/10/27",175130.89
"2020/10/28",150498.35
"2020/10/29",163355.35
"2020/10/30",175782.22
"2020/11/03",266137.6
"2020/11/04",126218.73
"2020/11/05",171034.49
"2020/11/06",132511.05
"2020/11/09",189755.59
"2020/11/10",121845.33
"2020/11/11",220308.88
"2020/11/12",164465.92
"2020/11/13",254825.51
"2020/11/17",376042.94
"2020/11/18",223868.23
"2020/11/19",319903.85
"2020/11/20",201986.95
"2020/11/23",331357.72
"2020/11/24",251473.58
"2020/11/25",127354.24
"2020/11/26",156508.23
"2020/11/27",157955.89
"2020/11/30",194792.38
"2020/12/01",156157.76
"2020/12/02",169032.62
"2020/12/03",192684.9
"2020/12/04",220619.76
"2020/12/07",276064.15
"2020/12/09",286250.45
"2020/12/10",240845.46
"2020/12/11",232388.2
"2020/12/14",235871.71
"2020/12/15",153058.89
"2020/12/16",242994.91
"2020/12/17",230828.59
"2020/12/18",302415.35
"2020/12/21",277198.72
"2020/12/22",205974.27
"2020/12/23",314834.06
"2020/12/24",121665.06
"2020/12/28",342789.79
"2020/12/29",171165.82
"2020/12/30",332169.31
"2020/12/31",14135.51
"2021/01/04",278171.02
"2021/01/05",144697.73
"2021/01/06",221425.56
"2021/01/07",153964.42
"2021/01/08",187044.67
"2021/01/12",249383.27
"2021/01/13",209711.62
"2021/01/14",186241.95
"2021/01/15",166958.56
"2021/01/18",172683.65
"2021/01/19",154601.44
"2021/01/20",129817.34
"2021/01/21",139468.2
"2021/01/22",152847.33
"2021/01/25",174073.15
"2021/01/26",176062.56
"2021/01/27",171082.17
"2021/01/28",149184.09
"2021/01/29",186498.33
"2021/02/01",199714.78
"2021/02/02",109616.19
"2021/02/03",153688.55
"2021/02/04",122378.62
"2021/02/05",132634.41
"2021/02/08",193107.6
"2021/02/09",85152.99
"2021/02/10",130252.14
"2021/02/11",167100.3
"2021/02/12",130500.5
"2021/02/15",228284.77
"2021/02/16",73047.44
"2021/02/17",143348.53
"2021/02/18",210860.68
"2021/02/19",210486.02
"2021/02/22",208112.21
"2021/02/23",157849.94
"2021/02/24",121114.71
"2021/02/25",139820.41
"2021/02/26",175341.94
"2021/03/01",339786.27
"2021/03/02",184713.48
"2021/03/03",203452.71
"2021/03/04",237530.47
"2021/03/05",113777.04
"2021/03/08",274675.41
"2021/03/09",215624.52
"2021/03/10",173687.18
"2021/03/11",167997.96
"2021/03/12",98901.72
"2021/03/15",271935.44
"2021/03/16",205268.53
"2021/03/17",169683.27
"2021/03/18",182736.32
"2021/03/19",109840.73
"2021/03/23",392398.33
"2021/03/24",213215.55
"2021/03/25",135079.36
"2021/03/26",146314.97
"2021/03/29",303366.18
"2021/03/30",223193.72
"2021/03/31",134307.55
"2021/04/05",279903.79
"2021/04/06",186388.35
"2021/04/07",202050.9
"2021/04/08",192425.39
"2021/04/09",145107.39
"2021/04/12",180874.84
"2021/04/13",202986.78
"2021/04/14",166738.76
"2021/04/15",154337.52
"2021/04/16",112036.21
"2021/04/19",249228
"2021/04/20",112310.65
"2021/04/21",172730.68
"2021/04/22",206061.71
"2021/04/23",113176.05
"2021/04/26",353537.46
"2021/04/27",181421.81
"2021/04/28",122183.62
"2021/04/29",240489.54
"2021/04/30",169284.38
"2021/05/03",294740.52
"2021/05/04",144890.56
"2021/05/05",130123.75
"2021/05/06",129264.93
"2021/05/07",89302
"2021/05/10",263920.59
"2021/05/11",177423.4
"2021/05/12",143277.76
"2021/05/13",153309.9
"2021/05/14",99729.2
"2021/05/18",467448.56
"2021/05/19",256386.88
"2021/05/20",173150.46
"2021/05/21",98182.61
"2021/05/24",286522.04
"2021/05/25",164761.55
"2021/05/26",179991.65
"2021/05/27",135920.71
"2021/05/28",96034.06
"2021/05/31",146889.39
"2021/06/01",242832.3
"2021/06/02",191590.67
"2021/06/03",269155.73
"2021/06/04",149270.26
"2021/06/08",338634.22
"2021/06/09",214003.47
"2021/06/10",409012.26
"2021/06/11",346231.03
"2021/06/15",369661.33
"2021/06/16",236612.13
"2021/06/17",179348.58
"2021/06/18",171421.18
"2021/06/21",301245.41
"2021/06/22",132783.83
"2021/06/23",284076.11
"2021/06/24",244530.73
"2021/06/25",126204.6
"2021/06/28",248078.59
"2021/06/29",176465.32
"2021/06/30",296940.38
"2021/07/01",149719.57
"2021/07/02",104763.32
"2021/07/06",386599.45
"2021/07/07",215684.76
"2021/07/08",175956.69
"2021/07/09",164394.34
"2021/07/12",227335.67
"2021/07/13",195776.8
"2021/07/14",238428.89
"2021/07/15",176971.23
"2021/07/16",107388.61
"2021/07/19",284863.03
"2021/07/21",196554.57
"2021/07/22",285305.86
"2021/07/23",112396.2
"2021/07/26",315633.28
"2021/07/27",255529.97
"2021/07/28",272676.79
"2021/07/29",238687.82
"2021/07/30",164375.71
"2021/08/02",221126.2
"2021/08/03",215091.86
"2021/08/04",168281.66
"2021/08/05",135052.35
"2021/08/06",123524.44
"2021/08/09",204840.02
"2021/08/10",207290.12
"2021/08/11",225816.25
"2021/08/12",167315.17
"2021/08/13",121424.33
"2021/08/17",374249.41
"2021/08/18",367230.9
"2021/08/19",187817.62
"2021/08/20",108285.86
"2021/08/23",236345.53
"2021/08/24",279075.91
"2021/08/25",190938
"2021/08/26",197778.69
"2021/08/27",140404.33
"2021/08/30",195003.93
"2021/08/31",136172.84
"2021/09/01",217610.26
"2021/09/02",144830.24
"2021/09/03",224413.24
"2021/09/06",307382.93
"2021/09/07",127064.96
"2021/09/08",158508.57
"2021/09/09",210731.01
"2021/09/10",191129.13
"2021/09/13",244816.07
"2021/09/14",120143.28
"2021/09/15",199745.77
"2021/09/16",208645.02
"2021/09/17",137484.82
"2021/09/20",256065
"2021/09/21",159887.29
"2021/09/22",148230.06
"2021/09/23",205440.23
"2021/09/24",187180.31
"2021/09/27",235598.63
"2021/09/28",124916.93
"2021/09/29",184123.77
"2021/09/30",251963.24
"2021/10/01",103194.26
"2021/10/04",157685.17
"2021/10/05",98083.92
"2021/10/06",164123.26
"2021/10/07",146644.95
"2021/10/08",135864.98
"2021/10/11",193724.74
"2021/10/12",136104.43
"2021/10/13",207936.01
"2021/10/14",172390.14
"2021/10/15",120974.6
"2021/10/19",375791.48
"2021/10/20",106125.53
"2021/10/21",182371.26
"2021/10/22",123242.06
"2021/10/25",289547.67
"2021/10/26",218659.32
"2021/10/27",185665.95
"2021/10/28",197725.96
"2021/10/29",134580.69
"2021/11/02",270125.02
"2021/11/03",272288.78
"2021/11/04",166498.9
"2021/11/05",148399.27
"2021/11/08",276849.43
"2021/11/09",156515.82
"2021/11/10",189069.21
"2021/11/11",160642.29
"2021/11/12",139117.41
"2021/11/16",240906.78
"2021/11/17",190485.65
"2021/11/18",277426.51
"2021/11/19",122369.04
"2021/11/22",215489.02
"2021/11/23",176167.7
"2021/11/24",272375.41
"2021/11/25",194471.76
"2021/11/26",187281.85
"2021/11/29",181254.01
"2021/11/30",141424.88
"2021/12/01",234600.55
"2021/12/02",176608.02
"2021/12/03",252869.01
"2021/12/06",239385.01
"2021/12/07",142845.86
"2021/12/09",314911.72
"2021/12/10",206392.07
"2021/12/13",210072.71
"2021/12/14",168486.14
"2021/12/15",272616.66
"2021/12/16",227502.48
"2021/12/17",190577.68
"2021/12/20",225174.12
"2021/12/21",165187.76
"2021/12/22",335949.47
"2021/12/23",315117.16
"2021/12/24",162357.61
"2021/12/27",247822.06
"2021/12/28",185989.63
"2021/12/29",276030.57
"2021/12/30",357346.21
"2021/12/31",11667.07
"2022/01/03",177011.83
"2022/01/04",190521.75
"2022/01/05",140129.62
"2022/01/06",184534.01
"2022/01/07",208870.95
"2022/01/11",340436.06
"2022/01/12",318044.21
"2022/01/13",254280.91
"2022/01/14",140687.86
"2022/01/17",174030.26
"2022/01/18",111076.36
"2022/01/19",213217.76
"2022/01/20",127126.47
"2022/01/21",173698.04
"2022/01/24",214002.01
"2022/01/25",249604.32
"2022/01/26",243750.62
"2022/01/27",197910.14
"2022/01/28",217757.76
"2022/01/31",226479.91
"2022/02/01",103540.64
"2022/02/02",163947.91
"2022/02/03",249241.84
"2022/02/04",168326.56
"2022/02/07",214041.92
"2022/02/08",157100.98
"2022/02/09",212131.59
"2022/02/10",171754.34
"2022/02/11",199327.68
"2022/02/14",191295.57
"2022/02/15",119033.22
"2022/02/16",175923.92
"2022/02/17",172700.32
"2022/02/18",196370.04
"2022/02/21",189909.48
"2022/02/22",140965.7
"2022/02/23",300230.17
"2022/02/24",232605.32
"2022/02/25",490527.99
"2022/02/28",464013.96
"2022/03/01",405698.86
"2022/03/02",250658.2
"2022/03/03",246822.01
"2022/03/04",153004.99
"2022/03/07",296274.34
"2022/03/08",159572.03
"2022/03/09",266331.48
"2022/03/10",204637
"2022/03/11",189917.32
"2022/03/14",241450.54
"2022/03/15",220278.56
"2022/03/16",222511.51
"2022/03/17",231438.16
"2022/03/18",137588.65
"2022/03/22",388526.94
"2022/03/23",255723.69
"2022/03/24",352779.95
"2022/03/25",166563.44
"2022/03/28",313679.87
"2022/03/29",202194.26
"2022/03/30",285472.79
"2022/03/31",153013.76
"2022/04/01",235308.6
"2022/04/04",327564.59
"2022/04/05",167386.78
"2022/04/06",233465.72
"2022/04/07",328010.56
"2022/04/08",151103.54
"2022/04/11",285837.4
"2022/04/12",245317.74
"2022/04/13",256694.41
"2022/04/18",416240.16
"2022/04/19",358796.29
"2022/04/20",166672.82
"2022/04/21",206599.67
"2022/04/22",175286.78
"2022/04/25",592159.12
"2022/04/26",283395.2
"2022/04/27",309008.74
"2022/04/28",307491.78
"2022/04/29",263281.3
"2022/05/02",326671.69
"2022/05/03",340921.56
"2022/05/04",285604.52
"2022/05/05",200293.29
"2022/05/06",97594.03
"2022/05/09",653355.13
"2022/05/10",306682.15
"2022/05/11",239445.84
"2022/05/12",185084.98
"2022/05/13",138307.23
"2022/05/16",352854.55
"2022/05/17",274340.91
"2022/05/18",238034.4
"2022/05/19",221664.66
"2022/05/20",142765.32
"2022/05/23",459994.75
"2022/05/24",323288.28
"2022/05/25",312817.12
"2022/05/26",281683.48
"2022/05/27",151769.58
"2022/05/31",540588.73
"2022/06/01",397450.46
"2022/06/02",372513.38
"2022/06/03",159412.95
"2022/06/06",293635.89
"2022/06/07",314539.88
"2022/06/08",186899.43
"2022/06/09",227008.54
"2022/06/10",162790.18
"2022/06/13",259808.87
"2022/06/14",249636.38
"2022/06/15",287581.28
"2022/06/16",307618.86
"2022/06/17",187455.97
"2022/06/21",331011.74
"2022/06/22",340589.76
"2022/06/23",247454.31
"2022/06/24",326279
"2022/06/28",483388.67
"2022/06/29",307608.8
"2022/06/30",415209.72
"2022/07/01",272870.14
"2022/07/05",606301.77
"2022/07/06",285333.11
"2022/07/07",401531.57
"2022/07/08",178737.92
"2022/07/11",422982.46
"2022/07/12",276608.08
"2022/07/13",354345.55
"2022/07/14",202799.66
"2022/07/15",176178.67
"2022/07/18",455201.36
"2022/07/19",453827.56
"2022/07/21",424726.91
"2022/07/22",267530.71
"2022/07/25",715182.88
"2022/07/26",413773.76
"2022/07/27",407440.7
"2022/07/28",677557.27
"2022/07/29",313651.62
"2022/08/01",250284.02
"2022/08/02",308356.19
"2022/08/03",495474.84
"2022/08/04",402075.83
"2022/08/05",209981
"2022/08/08",312248.54
"2022/08/09",454365.07
"2022/08/10",336108.93
"2022/08/11",442717.04
"2022/08/12",233152.03
"2022/08/16",474685.13
"2022/08/17",289436.03
"2022/08/18",420778.93
"2022/08/19",342218.36
"2022/08/22",394011.29
"2022/08/23",500871.8
"2022/08/24",421274.37
"2022/08/25",580705.48
"2022/08/26",343505.48
"2022/08/29",377284.9
"2022/08/30",246143.31
"2022/08/31",320206.47
"2022/09/01",433108.91
"2022/09/02",379506.51
"2022/09/05",530585.22
"2022/09/06",405989.94
"2022/09/07",322464.12
"2022/09/08",273610.92
"2022/09/09",326418.59
"2022/09/12",406071.63
"2022/09/13",273976.17
"2022/09/14",279960.65
"2022/09/15",418397.83
"2022/09/16",322180.27
"2022/09/19",345687.84
"2022/09/20",247744.18
"2022/09/21",229670.31
"2022/09/22",298827.68
"2022/09/23",365985.64
"2022/09/26",413621.07
"2022/09/27",171928.26
"2022/09/28",286343.88
"2022/09/29",246447.32
"2022/09/30",322215.74
"2022/10/03",248730.17
"2022/10/04",246813.71
"2022/10/05",241690.75
"2022/10/06",248418.29
"2022/10/07",222198.87
"2022/10/10",307469
"2022/10/11",250328.98
"2022/10/12",199085.08
"2022/10/13",312797.21
"2022/10/14",195401.47
"2022/10/18",470050.29
"2022/10/19",296969.18
"2022/10/20",200996.26
"2022/10/21",230732.33
"2022/10/24",402240.17
"2022/10/25",494529.21
"2022/10/26",361939.34
"2022/10/27",370564.63
"2022/10/28",252359.06
"2022/10/31",241555.03
"2022/11/01",277843.89
"2022/11/02",261350.45
"2022/11/03",330380.6
"2022/11/04",211143.79
"2022/11/08",475157.43
"2022/11/09",603878.51
"2022/11/10",320185.59
"2022/11/11",258403.74
"2022/11/15",393551.42
"2022/11/16",349605.44
"2022/11/17",371687.22
"2022/11/18",216946.06
"2022/11/21",381031.47
"2022/11/22",273042.37
"2022/11/23",440501.28
"2022/11/24",319179.22
"2022/11/25",261428.72
"2022/11/28",383467.75
"2022/11/29",159801.8
"2022/11/30",212222.02
"2022/12/01",514893.95
"2022/12/02",325212
"2022/12/05",284752.32
"2022/12/06",324132.07
"2022/12/07",359538.89
"2022/12/09",386854.47
"2022/12/12",355034.78
"2022/12/13",329101.3
"2022/12/14",329508.4
"2022/12/15",395151.05
"2022/12/16",260846.04
"2022/12/19",355771.9
"2022/12/20",268531.37
"2022/12/21",357439.15
"2022/12/22",355131.31
"2022/12/23",341571.31
"2022/12/26",299697.16
"2022/12/27",331954.29
"2022/12/28",428702.24
"2022/12/29",399996.74
"2022/12/30",62543.67
"2023/01/02",274956.74
"2023/01/03",275869.6
"2023/01/04",248317.3
"2023/01/05",349957.9
"2023/01/06",225939.54
"2023/01/10",480034.25
"2023/01/11",327917.23
"2023/01/12",305913.24
"2023/01/13",320961.33
"2023/01/16",253532.06
"2023/01/17",191224.23
"2023/01/18",308807.11
"2023/01/19",322917.77
"2023/01/20",206444.58
"2023/01/23",278448.98
"2023/01/24",217447.43
"2023/01/25",480042.94
"2023/01/26",377028.57
"2023/01/27",274899.18
"2023/01/30",316063.31
"2023/01/31",197375.12
"2023/02/01",201648.49
"2023/02/02",209677.24
"2023/02/03",359042.47
"2023/02/06",384932.45
"2023/02/07",224745.46
"2023/02/08",405695.7
"2023/02/09",423514.78
"2023/02/10",292227.15
"2023/02/13",290824
"2023/02/14",144133.85
"2023/02/15",217912.98
"2023/02/16",484341.83
"2023/02/17",228895.56
"2023/02/20",307772.82
"2023/02/21",170570.88
"2023/02/22",204236.55
"2023/02/23",396024.22
"2023/02/24",248536.19
"2023/02/27",323967.33
"2023/02/28",367511.45
"2023/03/01",545269.2
"2023/03/02",288112.46
"2023/03/03",221120.85
"2023/03/06",432735.99
"2023/03/07",288926.8
"2023/03/08",178888.86
"2023/03/09",269143.69
"2023/03/10",164752.75
"2023/03/13",397565.89
"2023/03/14",232439.28
"2023/03/15",248231.73
"2023/03/16",206528.31
"2023/03/17",169215.99
"2023/03/21",490229.09
"2023/03/22",269451.89
"2023/03/23",254312.09
"2023/03/24",140681.81
"2023/03/27",353303.45
"2023/03/28",321999.73
"2023/03/29",383290.13
"2023/03/30",274798.92
"2023/03/31",154177.91
"2023/04/03",308343.87
"2023/04/04",192939.79
"2023/04/05",464865.65
"2023/04/10",559983.08
"2023/04/11",304463.72
"2023/04/12",280989.08
"2023/04/13",245790.41
"2023/04/14",210577.03
"2023/04/17",323004.65
"2023/04/18",323487.81
"2023/04/19",292270.01
"2023/04/20",212736.8
"2023/04/21",172077.8
"2023/04/24",429193.45
"2023/04/25",544913.67
"2023/04/26",474837.93
"2023/04/27",310534.41
"2023/04/28",215989.2
"2023/05/02",661243.46
"2023/05/03",310200.76
"2023/05/04",264267.89
"2023/05/05",161943.95
"2023/05/08",527693.18
"2023/05/09",266243.07
"2023/05/10",402465.78
"2023/05/11",207569.55
"2023/05/12",130173.45
"2023/05/15",344293.29
"2023/05/16",258090.95
"2023/05/17",208768.62
"2023/05/18",164873.66
"2023/05/19",135558.72
"2023/05/23",623891.23
"2023/05/24",293928.31
"2023/05/25",188324.94
"2023/05/26",118235.72
"2023/05/29",473287.44
"2023/05/30",199213
"2023/05/31",235934.2
"2023/06/01",269170.36
"2023/06/02",204399.22
"2023/06/05",269417.12
"2023/06/06",259135.07
"2023/06/07",311689.72
"2023/06/08",225706.33
"2023/06/09",226696.85
"2023/06/13",470091.19
"2023/06/14",272416.71
"2023/06/15",279752.04
"2023/06/16",298998.43
"2023/06/20",339792.6
"2023/06/21",284202.02
"2023/06/22",294328.04
"2023/06/23",196901.44
"2023/06/26",345793.81
"2023/06/27",238493.9
"2023/06/28",282451.19
"2023/06/29",320023.49
"2023/06/30",341054.86
"2023/07/04",617345.98
"2023/07/05",325902.09
"2023/07/06",241666.09
"2023/07/07",154608.7
"2023/07/10",494382.81
"2023/07/11",406582.81
"2023/07/12",561595.07
"2023/07/13",374116.58
"2023/07/14",252735.17
"2023/07/17",397615.02
"2023/07/18",281716.72
"2023/07/19",437301.07
"2023/07/21",727242.06
"2023/07/24",384435.09
"2023/07/25",502106.4
"2023/07/26",448935.7
"2023/07/27",318201.33
"2023/07/28",171683.65
"2023/07/31",273238.62
"2023/08/01",186716.62
"2023/08/02",352283.76
"2023/08/03",303866.81
"2023/08/04",228696.84
"2023/08/08",590561.17
"2023/08/09",379797.47
"2023/08/10",422848.45
"2023/08/11",278099.96
"2023/08/14",396363.8
"2023/08/15",257145.72
"2023/08/16",353993.42
"2023/08/17",256686.74
"2023/08/18",181813.48
"2023/08/22",375151.33
"2023/08/23",412121.84
"2023/08/24",340753.39
"2023/08/25",207404.1
"2023/08/28",316616.81
"2023/08/29",370662.96
"2023/08/30",268279.17
"2023/08/31",187065.82
"2023/09/01",305550.19
"2023/09/04",435589.25
"2023/09/05",206279
"2023/09/06",304649.94
"2023/09/07",297352.33
"2023/09/08",223397.55
"2023/09/11",435832.1
"2023/09/12",237203.99
"2023/09/13",253470
"2023/09/14",285471.86
"2023/09/15",269485.15
"2023/09/18",347474.81
"2023/09/19",187555.88
"2023/09/20",247589.28
"2023/09/21",1004754.64
"2023/09/22",251737.37
"2023/09/25",392219.62
"2023/09/26",200731.1
"2023/09/27",268869.34
"2023/09/28",260634.92
"2023/09/29",267364.39
"2023/10/02",370853.42
"2023/10/03",151305.96
"2023/10/04",282319.58
"2023/10/05",237426.16
"2023/10/06",191357.51
"2023/10/09",386191.35
"2023/10/10",369424.68
"2023/10/11",285475.28
"2023/10/12",234981.7
"2023/10/13",239804.32
"2023/10/17",585166.96
"2023/10/18",269825.58
"2023/10/19",288249.69
"2023/10/20",188143.73
"2023/10/23",612063.42
"2023/10/24",273626.66
"2023/10/25",248989.46
"2023/10/26",416346.24
"2023/10/27",241350.47
"2023/10/30",348162.69
"2023/10/31",240788.31
"2023/11/01",268055.14
"2023/11/02",331853.12
"2023/11/03",286140.5
"2023/11/07",429650.06
"2023/11/08",326189.17
"2023/11/09",274421.89
"2023/11/10",264624.28
"2023/11/14",488499.72
"2023/11/15",267531.11
"2023/11/16",273261.98
"2023/11/17",218520.13
"2023/11/20",270038.52
"2023/11/21",166648.03
"2023/11/22",200363.51
"2023/11/23",307787.25
"2023/11/24",235913.03
"2023/11/27",365203.56
"2023/11/28",242461.65
"2023/11/29",258724.88
"2023/11/30",225130.59
"2023/12/01",284374.11
"2023/12/04",621603.34
"2023/12/05",243785.44
"2023/12/06",321035.62
"2023/12/07",322699.09
"2023/12/11",562768.13
"2023/12/12",255334.96
"2023/12/13",406664.41
"2023/12/14",284805.62
"2023/12/15",290617.58
"2023/12/18",417066.95
"2023/12/19",282019.93
"2023/12/20",262218.64
"2023/12/21",629455.2
"2023/12/22",410478.47
"2023/12/26",554633.98
"2023/12/27",384564.1
"2023/12/28",399505.6
"2023/12/29",66037.72
"2024/01/02",581718.53
"2024/01/03",282581.49
"2024/01/04",320862.11
"2024/01/05",376760.64
"2024/01/09",541338.27
"2024/01/10",402769.68
"2024/01/11",374342.98
"2024/01/12",399139.49
"2024/01/15",424973.73
"2024/01/16",205740.1
"2024/01/17",311186.22
"2024/01/18",400319.62
"2024/01/19",355267.09
"2024/01/22",388093.56
"2024/01/23",450026.15
"2024/01/24",346010.57
"2024/01/25",364231.02
"2024/01/26",690079.91
"2024/01/29",541095.71
"2024/01/30",380600.71
"2024/01/31",278426.21
"2024/02/01",196592.89
"2024/02/02",317173.9
"2024/02/05",381888.76
"2024/02/06",249412.59
"2024/02/07",263945.77
"2024/02/08",341671.13
"2024/02/09",354880.5
"2024/02/12",411709.08
"2024/02/13",321970.78
"2024/02/14",293485.46
"2024/02/15",312629.2
"2024/02/16",366594.46
"2024/02/19",383703.12
"2024/02/20",294213.03
"2024/02/21",230851.33
"2024/02/22",252287.67
"2024/02/23",444678.48
"2024/02/26",547156.55
"2024/02/27",292979
"2024/02/28",392697.42
"2024/02/29",415319.12
"2024/03/01",326685.46
"2024/03/04",545613.24
"2024/03/05",303763.8
"2024/03/06",351095.27
"2024/03/07",293948.02
"2024/03/08",276912.13
"2024/03/11",622672.64
"2024/03/12",269439.2
"2024/03/13",308671.66
"2024/03/14",326342.31
"2024/03/15",305784.85
"2024/03/18",401173.28
"2024/03/19",272791.12
"2024/03/20",271456.89
"2024/03/21",827016.71
"2024/03/22",292834.52
"2024/03/26",530760.98
"2024/03/27",414503.4
"2024/04/01",566353.34
"2024/04/02",432883.55
"2024/04/03",571369.21
"2024/04/04",346745.23
"2024/04/05",353454.58
"2024/04/08",388782.32
"2024/04/09",332235.26
"2024/04/10",407784.49
"2024/04/11",405661.82
"2024/04/12",406523.57
"2024/04/15",563827.2
"2024/04/16",299946.44
"2024/04/17",344948.1
"2024/04/18",402301.99
"2024/04/19",475720.74
"2024/04/22",509130.34
"2024/04/23",423065.06
"2024/04/24",491583.75
"2024/04/25",490606.05
"2024/04/26",521748.57
"2024/04/29",569856.19
"2024/04/30",458427.81
"2024/05/02",495721.46
"2024/05/03",250604.82
"2024/05/06",529300.8
"2024/05/07",292330.24
"2024/05/08",347130.07
"2024/05/09",325286.59
"2024/05/10",262300.55
"2024/05/14",705917.5
"2024/05/15",378818.7
"2024/05/16",397357.67
"2024/05/17",238798.35
"2024/05/20",519269.4
"2024/05/21",281552.83
"2024/05/22",387749.85
"2024/05/23",449330.14
"2024/05/24",208256.14
"2024/05/27",723606.77
"2024/05/28",499984.46
"2024/05/29",400262.56
"2024/05/30",314209.23
"2024/05/31",224820.18
"2024/06/04",624563.49
"2024/06/05",353728.73
"2024/06/06",439062.13
"2024/06/07",334581.24
"2024/06/11",635236.47
"2024/06/12",331055.78
"2024/06/13",379317
"2024/06/14",340816.6
"2024/06/17",476791.35
"2024/06/18",303650.9
"2024/06/19",334003.12
"2024/06/20",297985.36
"2024/06/21",259198.04
"2024/06/24",518626.96
"2024/06/25",226987.66
"2024/06/26",406947.56
"2024/06/27",379463.68
"2024/06/28",405653.21
"2024/07/02",866829.58
"2024/07/03",350514.04
"2024/07/04",393490.13
"2024/07/05",321754.01
"2024/07/08",378401.38
"2024/07/09",377563.12
"2024/07/10",406711.08
"2024/07/11",421955.33
"2024/07/12",319006.99
"2024/07/15",472824.44
"2024/07/16",286252.54
"2024/07/17",400103.98
"2024/07/18",472222.3
"2024/07/19",287637.76
"2024/07/22",438508.91
"2024/07/23",437223.33
"2024/07/24",345963.11
"2024/07/25",385760.97
"2024/07/26",296304.95
"2024/07/29",563749.11
"2024/07/30",345972.97
"2024/07/31",275427.19
"2024/08/01",204220.45
"2024/08/02",300980.74
"2024/08/05",405018.97
"2024/08/06",282248.31
"2024/08/08",626838.08
"2024/08/09",303553.45
"2024/08/12",423398.74
"2024/08/13",210879.75
"2024/08/14",359237.19
"2024/08/15",717510.42
"2024/08/16",308484.25
"2024/08/20",619443.97
"2024/08/21",359752.94
"2024/08/22",443790.9
"2024/08/23",317424.12
"2024/08/26",417078.09
"2024/08/27",598896.92
"2024/08/28",333087.96
"2024/08/29",372551.11
"2024/08/30",322302.47
"2024/09/02",466160.95
"2024/09/03",233311.88
"2024/09/04",481391.32
"2024/09/05",318378.93
"2024/09/06",381242.01
"2024/09/09",491210.41
"2024/09/10",263812.23
"2024/09/11",464435.6
"2024/09/12",274652.2
"2024/09/13",336048.57
"2024/09/16",610050
"2024/09/17",295311.79
"2024/09/18",342711.73
"2024/09/19",266785.86
"2024/09/20",296369.66
"2024/09/23",472998.13
"2024/09/24",273733.55
"2024/09/25",212233.78
"2024/09/26",324602.15
"2024/09/27",391088.14
"2024/09/30",400494.29
"2024/10/01",182049.83
"2024/10/02",408064.87
"2024/10/03",373360.02
"2024/10/04",258676.67
"2024/10/07",420399.64
"2024/10/08",287677.06
"2024/10/09",372574.35
"2024/10/10",293365.45
"2024/10/11",434397.25
"2024/10/15",919330.53
"2024/10/16",425303.84
"2024/10/17",370503.89
"2024/10/18",357588.63
"2024/10/21",541875.75
"2024/10/22",291612.97
"2024/10/23",464460.32
"2024/10/24",293339.18
"2024/10/25",271017.54
"2024/10/28",480412.56
"2024/10/29",491183.3
"2024/10/30",434076.93
"2024/10/31",250151.21
"2024/11/01",214760.91
"2024/11/05",764452.86
"2024/11/06",394733.99
"2024/11/07",326793.62
"2024/11/08",349291.62
"2024/11/12",648717.6
"2024/11/13",287650.47
"2024/11/14",435757.97
"2024/11/15",341161.08
"2024/11/18",548387.64
"2024/11/19",236951.73
"2024/11/20",400749.28
"2024/11/21",336933.53
"2024/11/22",255542.78
"2024/11/25",536084.12
"2024/11/26",400084.58
"2024/11/27",376674.11
"2024/11/28",285712.98
"2024/11/29",281939.84
"2024/12/02",451501.67
"2024/12/03",268029.98
"2024/12/04",437640.76
"2024/12/05",382003.5
"2024/12/06",445779.54
"2024/12/09",435547.69
"2024/12/10",261081.07
"2024/12/11",455075.23
"2024/12/12",376454.07
"2024/12/13",447849.25
"2024/12/16",529178.53
"2024/12/17",411180.42
"2024/12/18",380827.73
"2024/12/19",374769.29
"2024/12/20",465050.56
"2024/12/23",570905.96
"2024/12/24",226083.12
"2024/12/26",808153.3
"2024/12/27",619767.13
"2024/12/30",597384.61
"2024/12/31",39543.03
"2025/01/02",537313.2
"2025/01/03",431396.52
"2025/01/07",775277.59
"2025/01/08",368061.13
"2025/01/09",631101.98
"2025/01/10",415353.15
"2025/01/13",514824.62
"2025/01/14",298843.72
"2025/01/15",617603.24
"2025/01/16",351751.41
"2025/01/17",370400.92
"2025/01/20",475287.41
"2025/01/21",377832.85
"2025/01/22",497894.81
"2025/01/23",330785.64
"2025/01/24",370769.37
"2025/01/27",444946.3
"2025/01/28",364858.47
"2025/01/29",493156.61
"2025/01/30",537112.79
"2025/01/31",295613.52
"2025/02/03",528221.4
"2025/02/04",402473.38
"2025/02/05",391466.16
"2025/02/06",379503.14
"2025/02/07",376814.8
"2025/02/10",598801.8
"2025/02/11",230617.11
"2025/02/12",452144.82
"2025/02/13",264289.73
"2025/02/14",421406.53
"2025/02/17",495393.82
"2025/02/18",318972.83
"2025/02/19",302914.1
"2025/02/20",423752.48
"2025/02/21",348691.05
"2025/02/24",483344.43
"2025/02/25",453824.98
"2025/02/26",432446.65
"2025/02/27",374107.32
"2025/02/28",593211.54
"2025/03/03",836339.83
"2025/03/04",476265
"2025/03/05",471497.2
"2025/03/06",419597.03
"2025/03/07",345001.98
"2025/03/10",661471.89
"2025/03/11",428010.47
"2025/03/12",410204.3
"2025/03/13",363100.02
"2025/03/14",354303.81
"2025/03/17",660133.31
"2025/03/18",401350.15
"2025/03/19",401131.94
"2025/03/20",343777.03
"2025/03/21",320513.35
"2025/03/25",668606.79
"2025/03/26",568134.83
"2025/03/27",511846.83
"2025/03/28",388487.53
"2025/03/31",499507.45
"2025/04/01",271348.49
"2025/04/02",484056.79
"2025/04/03",377800.27
"2025/04/04",297271.59
"2025/04/07",588839.29
"2025/04/08",425256.62
"2025/04/09",527550.03
"2025/04/10",441707.96
"2025/04/11",359027.5
"2025/04/14",681948.57
"2025/04/15",581908.34
"2025/04/16",433974.26
"2025/04/21",864736.18
"2025/04/22",543080.67
"2025/04/23",500741.11
"2025/04/24",359596.78
"2025/04/25",351076.25
"2025/04/28",675346.06
"2025/04/29",443746.94
"2025/04/30",663947.63
"2025/05/02",491408.22
"2025/05/05",721738.44
"2025/05/06",450746.38
"2025/05/07",376485.84
"2025/05/08",294797.18
"2025/05/09",222494.27
"2025/05/12",650766
"2025/05/13",349709.65
"2025/05/14",389095.17
"2025/05/15",289841.74
"2025/05/16",229690.39
"2025/05/19",652447.1
"2025/05/20",458968.32
"2025/05/21",334388.75
"2025/05/22",249445.14
"2025/05/23",271506.18
"2025/05/26",604905.5
"2025/05/27",391847.28
"2025/05/28",458080.7
"2025/05/29",293259.07
"2025/05/30",250825.74
"2025/06/03",662677.13
"2025/06/04",439422.78
"2025/06/05",383223.07
"2025/06/06",357989.94
"2025/06/09",452977
"2025/06/10",403970.67
"2025/06/11",416070.08
"2025/06/12",347133.44
"2025/06/13",399778.54
"2025/06/16",583391.36
"2025/06/17",475124.34
"2025/06/18",377300.63
"2025/06/19",372511.18
"2025/06/20",354900.38
"2025/06/24",691013.07
"2025/06/25",444451.91
"2025/06/26",488815.09
"2025/06/27",508116.63
"2025/07/01",978000.06
"2025/07/02",539178.56
"2025/07/03",605073.95
"2025/07/04",354039.57
"2025/07/07",649316.58
"2025/07/08",502179.34
"2025/07/09",452174.91
"2025/07/10",403840.59
"2025/07/11",318960.32
"2025/07/14",663327.95
"2025/07/15",517372.95
"2025/07/16",399169.16
"2025/07/17",292444.54
"2025/07/18",231966.77
"2025/07/21",791108.92
"2025/07/22",461542.35
"2025/07/23",413317.44
"2025/07/24",394886.49
"2025/07/25",265559.47
"2025/07/28",650257.4
"2025/07/29",459740.34
"2025/07/30",536457.53
"2025/07/31",336033.26
"2025/08/01",228398.42
"2025/08/04",562756.32
"2025/08/05",436131.79
"2025/08/06",437352.24
"2025/08/08",457180.76
"2025/08/11",454442.09
"2025/08/12",566072.67
"2025/08/13",358136.93
"2025/08/14",384725.39
"2025/08/15",405707.22
"2025/08/19",739554.45
"2025/08/20",475416.35
"2025/08/21",398602.05
"2025/08/22",265862.29
"2025/08/25",489148
"2025/08/26",466967.28
"2025/08/27",485194.76
"2025/08/28",530471.74
"2025/08/29",335637.77
"2025/09/01",475536.53
"2025/09/02",299775.93
"2025/09/03",420485.28
"2025/09/04",447140.62
"2025/09/05",494512.59
"2025/09/08",594302.96
"2025/09/09",409335.19
"2025/09/10",486419.62
"2025/09/11",463814.01
"2025/09/12",474075
"2025/09/15",666802.01
"2025/09/16",420935.21
"2025/09/17",468559.95
"2025/09/18",368394.02
"2025/09/19",472787.86
"2025/09/22",694216.43
"2025/09/23",338502.57
"2025/09/24",331914.6
"2025/09/25",280212.88
"2025/09/26",383226.75
"2025/09/29",601408.43
"2025/09/30",373304.43
"2025/10/01",327117.77
"2025/10/02",394021.85
"2025/10/03",287661.64
"2025/10/06",488912.3
"2025/10/07",427860.78
"2025/10/08",375865.47
"2025/10/09",308264.17
"2025/10/10",326308.9
"2025/10/14",745686.52
"2025/10/15",438521.91
"2025/10/16",424801.63
"2025/10/17",263900.26
"2025/10/20",362405.42
"2025/10/21",495743
"2025/10/22",394415.33
"2025/10/23",396768.29
"2025/10/24",265830.79
"2025/10/27",474268.89
"2025/10/28",538564.79
"2025/10/29",476548.18
"2025/10/30",508433.61
"2025/10/31",261244.11
"2025/11/04",730993
"2025/11/05",465797.64
"2025/11/06",408575.83
"2025/11/07",230591.93
"2025/11/10",527522.72
"2025/11/11",311505.86
"2025/11/12",464841.05
"2025/11/13",429380.04
"2025/11/14",348336.93
"2025/11/18",686099.8
"2025/11/19",428880.87
"2025/11/20",449679.42
"2025/11/21",311375.46
"2025/11/24",475178.97
"2025/11/25",309669.42
"2025/11/26",416114.85
"2025/11/27",488686.99
"2025/11/28",362987.4
"2025/12/01",487266.73
"2025/12/02",295335.64
"2025/12/03",478848.46
"2025/12/04",526200.92
"2025/12/05",464022.17
"2025/12/09",918746.63
"2025/12/10",492007.09
"2025/12/11",518207.7
"2025/12/12",472539.81
"2025/12/15",633578.21
"2025/12/16",604637.72
"2025/12/17",675830.17
"2025/12/18",419661.35
"2025/12/19",606397.49
"2025/12/22",603477.1
"2025/12/23",356188.41
"2025/12/24",590015.25
"2025/12/26",872153.7
"2025/12/29",677702.59
"2025/12/30",486595.15
"2025/12/31",80487.15
"2026/01/02",531391.34
"2026/01/05",591744.92
"2026/01/06",447416.13
"2026/01/07",629177.44
"2026/01/08",438676.53
"2026/01/09",401879.07
"2026/01/13",742726.15
"2026/01/14",508849.98
"2026/01/15",591011.98
"2026/01/16",413475.89
"2026/01/19",476201.23
"2026/01/20",362776.82
"2026/01/21",496832.28
"2026/01/22",422493.76
"2026/01/23",492247.94
"2026/01/26",529698.04
"2026/01/27",383819.96
"2026/01/28",536244.85
"2026/01/29",406681.05
"2026/01/30",529338.8
"2026/02/02",405677.26
"2026/02/03",275980.91
"2026/02/04",492098.8
"2026/02/05",518622.39
"2026/02/06",467778.68
"2026/02/09",477245.66
"2026/02/10",320760.72
"2026/02/11",510173.56
"2026/02/12",491030.69
"2026/02/13",491459.29
"2026/02/16",601265.9
"2026/02/17",316709.36
"2026/02/18",441136.78
"2026/02/19",425547.76
"2026/02/20",522027.78
"2026/02/23",390427.08
"2026/02/24",372300.8
"2026/02/25",439212.9
"2026/02/26",438965.05
"2026/02/27",503717.8
"2026/03/02",959761.48
"2026/03/03",597864.24
"2026/03/04",612962.66
"2026/03/05",434261.89
"2026/03/06",354670.51
"2026/03/09",616136.16
"2026/03/10",519151.76
"2026/03/11",526359.6
"2026/03/12",491848.18
"2026/03/13",334002.86
"2026/03/16",709691.65
"2026/03/17",422137.02
"2026/03/18",463978.99
"2026/03/19",516815.05
"2026/03/20",296724.4
"2026/03/24",839480.08
"2026/03/26",640220.6
"2026/03/27",310047.85
"2026/03/30",743116.68
"2026/03/31",316716.02
"2026/04/01",287352.44
"2026/04/06",1055737.26
"2026/04/07",680199.5
"2026/04/08",484778.62
"2026/04/09",464328.73
"2026/04/10",393288.72
"2026/04/13",528001.37
"2026/04/14",579834.65
"2026/04/15",572358.91
"2026/04/16",445722.1
"2026/04/17",318859.33
"2026/04/20",468683.79
"2026/04/21",403032.89
"2026/04/22",570074.34
"2026/04/23",409574.68
"2026/04/24",298610.65
"2026/04/27",569265.94
"2026/04/28",547888.54
"2026/04/29",689439.79
"2026/04/30",555398.95
"2026/05/04",791502.19
"2026/05/05",585986.5
"2026/05/06",490839.56
"2026/05/07",243651.06
"2026/05/08",278246.88
"2026/05/11",677393.2
"2026/05/12",446761.47
"2026/05/13",523932.4
"2026/05/14",371229.11
"2026/05/15",295628.22
"2026/05/19",1019531.9
"2026/05/20",510297.44
"2026/05/21",329386.73
"2026/05/22",210218.42
"2026/05/25",653629.33
"2026/05/26",563810.61
"2026/05/27",650556.07
"2026/05/28",394511.64
"2026/05/29",197300.81
"2026/06/01",366042.3
"2026/06/02",444044.1
"2026/06/03",439509.83
"2026/06/04",430872.32
"2026/06/05",371388.83
"2026/06/09",926103.86
"2026/06/10",507700.61
"2026/06/11",623477.02
"2026/06/12",308796.03
"2026/06/16",818760.31
"2026/06/17",471082.46
"2026/06/18",392527.39
"2026/06/19",482834.52
"2026/06/22",511315.16
"2026/06/23",242650.05
"2026/06/24",401275.47
"2026/06/25",278561.23
"2026/06/26",507998.13
"2026/06/30",906550.44
"2026/07/01",361683.82
"2026/07/02",316300.21
"2026/07/03",208498.82
"2026/07/06",737076.14
"2026/07/07",545250.18
"2026/07/08",408348.17
"2026/07/09",444495.15
"2026/07/10",280480.97
"2026/07/14",795839.99
"2026/07/15",520509.15
"2026/07/16",474299.65
"2026/07/17",313284.64
"2026/07/21",918157.1
"2026/07/22",420687.17
"2026/07/23",496131.31
"2026/07/24",338146.83
"2026/07/27",698972.37
"2026/07/28",502014
"2026/07/29",522462.84
"2026/07/30",457236.48
"2026/07/31",244968.97
"2026/08/03",409838.87
"2026/08/04",411605.86
"2026/08/05",476263.59
"2026/08/06",425934.83
"2026/08/10",509026.9
"2026/08/11",486561.99
"2026/08/12",509853.07
"2026/08/13",364839
"2026/08/14",372461.66